date,data_footprint
2018-07-01 00:00:00,0.0
2018-07-02 00:00:00,0.0
2018-07-03 00:00:00,0.0
2018-07-04 00:00:00,0.0
2018-07-05 00:00:00,0.0
2018-07-06 00:00:00,0.0
2018-07-07 00:00:00,0.0
2018-07-08 00:00:00,0.0
2018-07-09 00:00:00,0.0
2018-07-10 00:00:00,0.0
2018-07-11 00:00:00,0.0
2018-07-12 00:00:00,0.0
2018-07-13 00:00:00,0.0
2018-07-14 00:00:00,0.0
2018-07-15 00:00:00,0.0
2018-07-16 00:00:00,0.0
2018-07-17 00:00:00,0.0
2018-07-18 00:00:00,0.0
2018-07-19 00:00:00,0.0
2018-07-20 00:00:00,0.0
2018-07-21 00:00:00,0.0
2018-07-22 00:00:00,0.0
2018-07-23 00:00:00,0.0
2018-07-24 00:00:00,0.0
2018-07-25 00:00:00,0.0
2018-07-26 00:00:00,0.0
2018-07-27 00:00:00,0.0
2018-07-28 00:00:00,0.0
2018-07-29 00:00:00,0.0
2018-07-30 00:00:00,0.0
2018-07-31 00:00:00,0.0
2018-08-01 00:00:00,0.0
2018-08-02 00:00:00,0.0
2018-08-03 00:00:00,0.0
2018-08-04 00:00:00,0.0
2018-08-05 00:00:00,0.0
2018-08-06 00:00:00,0.0
2018-08-07 00:00:00,0.0
2018-08-08 00:00:00,0.0
2018-08-09 00:00:00,0.0
2018-08-10 00:00:00,0.0
2018-08-11 00:00:00,0.0
2018-08-12 00:00:00,0.0
2018-08-13 00:00:00,0.0
2018-08-14 00:00:00,0.0
2018-08-15 00:00:00,0.0
2018-08-16 00:00:00,0.0
2018-08-17 00:00:00,0.0
2018-08-18 00:00:00,0.0
2018-08-19 00:00:00,0.0
2018-08-20 00:00:00,0.0
2018-08-21 00:00:00,0.0
2018-08-22 00:00:00,0.0
2018-08-23 00:00:00,0.0
2018-08-24 00:00:00,0.0
2018-08-25 00:00:00,0.0
2018-08-26 00:00:00,0.0
2018-08-27 00:00:00,0.0
2018-08-28 00:00:00,0.0
2018-08-29 00:00:00,0.0
2018-08-30 00:00:00,0.0
2018-08-31 00:00:00,0.0
2018-09-01 00:00:00,0.0
2018-09-02 00:00:00,0.0
2018-09-03 00:00:00,0.0
2018-09-04 00:00:00,0.0
2018-09-05 00:00:00,0.0
2018-09-06 00:00:00,0.0
2018-09-07 00:00:00,0.0
2018-09-08 00:00:00,0.0
2018-09-09 00:00:00,0.0
2018-09-10 00:00:00,0.0
2018-09-11 00:00:00,0.0
2018-09-12 00:00:00,0.0
2018-09-13 00:00:00,0.0
2018-09-14 00:00:00,0.0
2018-09-15 00:00:00,0.0
2018-09-16 00:00:00,0.0
2018-09-17 00:00:00,0.0
2018-09-18 00:00:00,0.0
2018-09-19 00:00:00,0.0
2018-09-20 00:00:00,0.0
2018-09-21 00:00:00,0.0
2018-09-22 00:00:00,0.0
2018-09-23 00:00:00,0.0
2018-09-24 00:00:00,0.0
2018-09-25 00:00:00,0.0
2018-09-26 00:00:00,0.0
2018-09-27 00:00:00,0.0
2018-09-28 00:00:00,0.0
2018-09-29 00:00:00,0.0
2018-09-30 00:00:00,0.0
2018-10-01 00:00:00,0.0
2018-10-02 00:00:00,0.0
2018-10-03 00:00:00,0.0
2018-10-04 00:00:00,0.0
2018-10-05 00:00:00,0.0
2018-10-06 00:00:00,0.0
2018-10-07 00:00:00,0.0
2018-10-08 00:00:00,0.0
2018-10-09 00:00:00,0.0
2018-10-10 00:00:00,0.0
2018-10-11 00:00:00,0.0
2018-10-12 00:00:00,0.0
2018-10-13 00:00:00,0.0
2018-10-14 00:00:00,0.0
2018-10-15 00:00:00,0.0
2018-10-16 00:00:00,0.0
2018-10-17 00:00:00,0.0
2018-10-18 00:00:00,0.0
2018-10-19 00:00:00,0.0
2018-10-20 00:00:00,0.0
2018-10-21 00:00:00,0.0
2018-10-22 00:00:00,0.0
2018-10-23 00:00:00,0.0
2018-10-24 00:00:00,0.0
2018-10-25 00:00:00,0.0
2018-10-26 00:00:00,0.0
2018-10-27 00:00:00,0.0
2018-10-28 00:00:00,0.0
2018-10-29 00:00:00,0.0
2018-10-30 00:00:00,0.0
2018-10-31 00:00:00,0.0
2018-11-01 00:00:00,0.0
2018-11-02 00:00:00,0.0
2018-11-03 00:00:00,0.0
2018-11-04 00:00:00,0.0
2018-11-05 00:00:00,0.0
2018-11-06 00:00:00,0.0
2018-11-07 00:00:00,0.0
2018-11-08 00:00:00,0.0
2018-11-09 00:00:00,0.0
2018-11-10 00:00:00,0.0
2018-11-11 00:00:00,0.0
2018-11-12 00:00:00,0.0
2018-11-13 00:00:00,0.0
2018-11-14 00:00:00,0.0
2018-11-15 00:00:00,0.0
2018-11-16 00:00:00,0.0
2018-11-17 00:00:00,0.0
2018-11-18 00:00:00,0.0
2018-11-19 00:00:00,0.0
2018-11-20 00:00:00,0.0
2018-11-21 00:00:00,0.0
2018-11-22 00:00:00,0.0
2018-11-23 00:00:00,0.0
2018-11-24 00:00:00,0.0
2018-11-25 00:00:00,0.0
2018-11-26 00:00:00,0.0
2018-11-27 00:00:00,0.0
2018-11-28 00:00:00,0.0
2018-11-29 00:00:00,0.0
2018-11-30 00:00:00,0.0
2018-12-01 00:00:00,0.0
2018-12-02 00:00:00,0.0
2018-12-03 00:00:00,0.0
2018-12-04 00:00:00,0.0
2018-12-05 00:00:00,0.0
2018-12-06 00:00:00,0.0
2018-12-07 00:00:00,0.0
2018-12-08 00:00:00,0.0
2018-12-09 00:00:00,0.0
2018-12-10 00:00:00,0.0
2018-12-11 00:00:00,0.0
2018-12-12 00:00:00,0.0
2018-12-13 00:00:00,0.0
2018-12-14 00:00:00,0.0
2018-12-15 00:00:00,0.0
2018-12-16 00:00:00,0.0
2018-12-17 00:00:00,0.0
2018-12-18 00:00:00,0.0
2018-12-19 00:00:00,0.0
2018-12-20 00:00:00,0.0
2018-12-21 00:00:00,0.0
2018-12-22 00:00:00,0.0
2018-12-23 00:00:00,0.0
2018-12-24 00:00:00,0.0
2018-12-25 00:00:00,0.0
2018-12-26 00:00:00,0.0
2018-12-27 00:00:00,0.0
2018-12-28 00:00:00,0.0
2018-12-29 00:00:00,0.0
2018-12-30 00:00:00,0.0
2018-12-31 00:00:00,0.0
2019-01-01 00:00:00,0.0
2019-01-02 00:00:00,0.0
2019-01-03 00:00:00,0.0
2019-01-04 00:00:00,0.0
2019-01-05 00:00:00,0.0
2019-01-06 00:00:00,0.0
2019-01-07 00:00:00,0.0
2019-01-08 00:00:00,0.0
2019-01-09 00:00:00,0.0
2019-01-10 00:00:00,0.0
2019-01-11 00:00:00,0.0
2019-01-12 00:00:00,0.0
2019-01-13 00:00:00,0.0
2019-01-14 00:00:00,0.0
2019-01-15 00:00:00,0.0
2019-01-16 00:00:00,0.0
2019-01-17 00:00:00,0.0
2019-01-18 00:00:00,0.0
2019-01-19 00:00:00,0.0
2019-01-20 00:00:00,0.0
2019-01-21 00:00:00,0.0
2019-01-22 00:00:00,0.0
2019-01-23 00:00:00,0.0
2019-01-24 00:00:00,0.0
2019-01-25 00:00:00,0.0
2019-01-26 00:00:00,0.0
2019-01-27 00:00:00,0.0
2019-01-28 00:00:00,0.0
2019-01-29 00:00:00,0.0
2019-01-30 00:00:00,0.0
2019-01-31 00:00:00,0.0
2019-02-01 00:00:00,0.0
2019-02-02 00:00:00,0.0
2019-02-03 00:00:00,0.0
2019-02-04 00:00:00,0.0
2019-02-05 00:00:00,0.0
2019-02-06 00:00:00,0.0
2019-02-07 00:00:00,0.0
2019-02-08 00:00:00,0.0
2019-02-09 00:00:00,0.0
2019-02-10 00:00:00,0.0
2019-02-11 00:00:00,0.0
2019-02-12 00:00:00,0.0
2019-02-13 00:00:00,0.0
2019-02-14 00:00:00,0.0
2019-02-15 00:00:00,0.0
2019-02-16 00:00:00,0.0
2019-02-17 00:00:00,0.0
2019-02-18 00:00:00,16283662258851.0
2019-02-19 00:00:00,16283662258851.0
2019-02-20 00:00:00,16283662258851.0
2019-02-21 00:00:00,16283662258851.0
2019-02-22 00:00:00,16283662258851.0
2019-02-23 00:00:00,16283662258851.0
2019-02-24 00:00:00,16283662258851.0
2019-02-25 00:00:00,16283662258851.0
2019-02-26 00:00:00,16283662258851.0
2019-02-27 00:00:00,16283662258851.0
2019-02-28 00:00:00,16283662258851.0
2019-03-01 00:00:00,16283662258851.0
2019-03-02 00:00:00,16283662258851.0
2019-03-03 00:00:00,16283662258851.0
2019-03-04 00:00:00,16283662258851.0
2019-03-05 00:00:00,16283662258851.0
2019-03-06 00:00:00,16283662258851.0
2019-03-07 00:00:00,16283662258851.0
2019-03-08 00:00:00,16283662258851.0
2019-03-09 00:00:00,16283662258851.0
2019-03-10 00:00:00,16283662258851.0
2019-03-11 00:00:00,16283662258851.0
2019-03-12 00:00:00,16283662258851.0
2019-03-13 00:00:00,16283662258851.0
2019-03-14 00:00:00,16283662258851.0
2019-03-15 00:00:00,16283662258851.0
2019-03-16 00:00:00,16283662258851.0
2019-03-17 00:00:00,16283662258851.0
2019-03-18 00:00:00,16283662258851.0
2019-03-19 00:00:00,16283662258851.0
2019-03-20 00:00:00,16283662258851.0
2019-03-21 00:00:00,16283662258851.0
2019-03-22 00:00:00,16287263385228.0
2019-03-23 00:00:00,16287263385228.0
2019-03-24 00:00:00,16287263385228.0
2019-03-25 00:00:00,16287263385228.0
2019-03-26 00:00:00,16287263385228.0
2019-03-27 00:00:00,16287263385228.0
2019-03-28 00:00:00,16287263385228.0
2019-03-29 00:00:00,16287263385228.0
2019-03-30 00:00:00,16287263385228.0
2019-03-31 00:00:00,16287263385228.0
2019-04-01 00:00:00,16287263385228.0
2019-04-02 00:00:00,16287263385228.0
2019-04-03 00:00:00,16287263385228.0
2019-04-04 00:00:00,16287263385228.0
2019-04-05 00:00:00,16287263385228.0
2019-04-06 00:00:00,16287263385228.0
2019-04-07 00:00:00,16287263385228.0
2019-04-08 00:00:00,16287263385228.0
2019-04-09 00:00:00,16287263385228.0
2019-04-10 00:00:00,16287263385228.0
2019-04-11 00:00:00,16306387113374.0
2019-04-12 00:00:00,16306387113374.0
2019-04-13 00:00:00,16306387113374.0
2019-04-14 00:00:00,16306387113374.0
2019-04-15 00:00:00,16306387113374.0
2019-04-16 00:00:00,16306387113374.0
2019-04-17 00:00:00,16307387091117.0
2019-04-18 00:00:00,16307441738920.0
2019-04-19 00:00:00,16307441738920.0
2019-04-20 00:00:00,16307441738920.0
2019-04-21 00:00:00,16307441738920.0
2019-04-22 00:00:00,16307441738920.0
2019-04-23 00:00:00,16307441738920.0
2019-04-24 00:00:00,16326151913249.0
2019-04-25 00:00:00,16852797293297.0
2019-04-26 00:00:00,17156162018035.0
2019-04-27 00:00:00,17156162018035.0
2019-04-28 00:00:00,17156162018035.0
2019-04-29 00:00:00,17156162018035.0
2019-04-30 00:00:00,17156162018035.0
2019-05-01 00:00:00,17156162018035.0
2019-05-02 00:00:00,17156162018035.0
2019-05-03 00:00:00,17156162018035.0
2019-05-04 00:00:00,17156162018035.0
2019-05-05 00:00:00,17156162018035.0
2019-05-06 00:00:00,17156162018035.0
2019-05-07 00:00:00,17156162018035.0
2019-05-08 00:00:00,17156162018035.0
2019-05-09 00:00:00,17156162018035.0
2019-05-10 00:00:00,17156162018035.0
2019-05-11 00:00:00,17156162018035.0
2019-05-12 00:00:00,17156162018035.0
2019-05-13 00:00:00,17156162018035.0
2019-05-14 00:00:00,17156162018035.0
2019-05-15 00:00:00,17156162018035.0
2019-05-16 00:00:00,17156162018035.0
2019-05-17 00:00:00,17156162018035.0
2019-05-18 00:00:00,17156162018035.0
2019-05-19 00:00:00,17156162018035.0
2019-05-20 00:00:00,17156162018035.0
2019-05-21 00:00:00,17156162018035.0
2019-05-22 00:00:00,18025447099410.0
2019-05-23 00:00:00,18085272204675.0
2019-05-24 00:00:00,18085272204675.0
2019-05-25 00:00:00,18085272204675.0
2019-05-26 00:00:00,18085272204675.0
2019-05-27 00:00:00,18085272204675.0
2019-05-28 00:00:00,18085272204675.0
2019-05-29 00:00:00,18085272204675.0
2019-05-30 00:00:00,18085272204675.0
2019-05-31 00:00:00,18085272204675.0
2019-06-01 00:00:00,18085272204675.0
2019-06-02 00:00:00,18085272204675.0
2019-06-03 00:00:00,18136578919045.0
2019-06-04 00:00:00,18136578919045.0
2019-06-05 00:00:00,21290214132174.0
2019-06-06 00:00:00,24923775103443.0
2019-06-07 00:00:00,28614360048919.0
2019-06-08 00:00:00,38712259834257.0
2019-06-09 00:00:00,41639805038963.0
2019-06-10 00:00:00,41639805038963.0
2019-06-11 00:00:00,43477705819202.0
2019-06-12 00:00:00,43477705819202.0
2019-06-13 00:00:00,43477705819202.0
2019-06-14 00:00:00,43477705819202.0
2019-06-15 00:00:00,43477705819202.0
2019-06-16 00:00:00,43477705819202.0
2019-06-17 00:00:00,43477705819202.0
2019-06-18 00:00:00,43477705819202.0
2019-06-19 00:00:00,44032060586194.0
2019-06-20 00:00:00,50956680897888.0
2019-06-21 00:00:00,50956680897888.0
2019-06-22 00:00:00,50956680897888.0
2019-06-23 00:00:00,50956680897888.0
2019-06-24 00:00:00,50956680897888.0
2019-06-25 00:00:00,50956680897888.0
2019-06-26 00:00:00,50956680897888.0
2019-06-27 00:00:00,50956680897888.0
2019-06-28 00:00:00,50956680897888.0
2019-06-29 00:00:00,50956680897888.0
2019-06-30 00:00:00,50956680897888.0
2019-07-01 00:00:00,50956680897888.0
2019-07-02 00:00:00,50956680897888.0
2019-07-03 00:00:00,50956680897888.0
2019-07-04 00:00:00,50956680897888.0
2019-07-05 00:00:00,50956680897888.0
2019-07-06 00:00:00,50956680897888.0
2019-07-07 00:00:00,50956680897888.0
2019-07-08 00:00:00,53791367341754.0
2019-07-09 00:00:00,53800477562881.0
2019-07-10 00:00:00,56647904515082.0
2019-07-11 00:00:00,57204113339443.0
2019-07-12 00:00:00,58111712317095.0
2019-07-13 00:00:00,58111712317095.0
2019-07-14 00:00:00,58111712317095.0
2019-07-15 00:00:00,58111712317095.0
2019-07-16 00:00:00,58111712317095.0
2019-07-17 00:00:00,58111712317095.0
2019-07-18 00:00:00,58111712317095.0
2019-07-19 00:00:00,60011100673017.0
2019-07-20 00:00:00,60301705863627.0
2019-07-21 00:00:00,60362516466714.0
2019-07-22 00:00:00,60557271295876.0
2019-07-23 00:00:00,60703876511929.0
2019-07-24 00:00:00,61102063056162.0
2019-07-25 00:00:00,61102063056162.0
2019-07-26 00:00:00,61506311054291.0
2019-07-27 00:00:00,62699790380899.0
2019-07-28 00:00:00,62699790380899.0
2019-07-29 00:00:00,63638703315393.0
2019-07-30 00:00:00,67908579120533.0
2019-07-31 00:00:00,68195713103306.0
2019-08-01 00:00:00,72227468232026.0
2019-08-02 00:00:00,80502674724344.0
2019-08-03 00:00:00,80731116757939.0
2019-08-04 00:00:00,83756133279372.0
2019-08-05 00:00:00,92256542194378.0
2019-08-06 00:00:00,95114595170023.0
2019-08-07 00:00:00,95114595170023.0
2019-08-08 00:00:00,99856667288954.0
2019-08-09 00:00:00,104030988082803.0
2019-08-10 00:00:00,104030988082803.0
2019-08-11 00:00:00,104030988082803.0
2019-08-12 00:00:00,104030988082803.0
2019-08-13 00:00:00,104030988082803.0
2019-08-14 00:00:00,104031053291362.0
2019-08-15 00:00:00,108962732366413.0
2019-08-16 00:00:00,117551964466058.0
2019-08-17 00:00:00,117551964466058.0
2019-08-18 00:00:00,122479745667886.0
2019-08-19 00:00:00,122479745667886.0
2019-08-20 00:00:00,122479745667886.0
2019-08-21 00:00:00,123767594889440.0
2019-08-22 00:00:00,123767594889440.0
2019-08-23 00:00:00,123767594889440.0
2019-08-24 00:00:00,123767594889440.0
2019-08-25 00:00:00,123767594889440.0
2019-08-26 00:00:00,123767594889440.0
2019-08-27 00:00:00,123767594889440.0
2019-08-28 00:00:00,124153425386547.0
2019-08-29 00:00:00,124153425386547.0
2019-08-30 00:00:00,124153425386547.0
2019-08-31 00:00:00,124153425386547.0
2019-09-01 00:00:00,124153425386547.0
2019-09-02 00:00:00,124153425386547.0
2019-09-03 00:00:00,124153425386547.0
2019-09-04 00:00:00,124153425386547.0
2019-09-05 00:00:00,124153425386547.0
2019-09-06 00:00:00,124153425386547.0
2019-09-07 00:00:00,124153425386547.0
2019-09-08 00:00:00,124153425386547.0
2019-09-09 00:00:00,124153425386547.0
2019-09-10 00:00:00,124290185717961.0
2019-09-11 00:00:00,127013389587339.0
2019-09-12 00:00:00,129691170053589.0
2019-09-13 00:00:00,130831851273068.0
2019-09-14 00:00:00,131061989122092.0
2019-09-15 00:00:00,131061989122092.0
2019-09-16 00:00:00,131061989122092.0
2019-09-17 00:00:00,131061989122092.0
2019-09-18 00:00:00,131266438090331.0
2019-09-19 00:00:00,136810725376068.0
2019-09-20 00:00:00,136810725376068.0
2019-09-21 00:00:00,136810725376068.0
2019-09-22 00:00:00,136810725376068.0
2019-09-23 00:00:00,136810725376068.0
2019-09-24 00:00:00,136810725376068.0
2019-09-25 00:00:00,141555753731713.0
2019-09-26 00:00:00,148926532186657.0
2019-09-27 00:00:00,156278358097487.0
2019-09-28 00:00:00,157684119429368.0
2019-09-29 00:00:00,157684119429368.0
2019-09-30 00:00:00,157684119429368.0
2019-10-01 00:00:00,157972236720523.0
2019-10-02 00:00:00,157972236720523.0
2019-10-03 00:00:00,157972236720523.0
2019-10-04 00:00:00,159028777839170.0
2019-10-05 00:00:00,159028777839170.0
2019-10-06 00:00:00,159028777839170.0
2019-10-07 00:00:00,159028777839170.0
2019-10-08 00:00:00,160762690015183.0
2019-10-09 00:00:00,162964325694888.0
2019-10-10 00:00:00,162964442601801.0
2019-10-11 00:00:00,163812887088953.0
2019-10-12 00:00:00,167603783583767.0
2019-10-13 00:00:00,167603783583767.0
2019-10-14 00:00:00,169002951812550.0
2019-10-15 00:00:00,169002951812550.0
2019-10-16 00:00:00,169002951812550.0
2019-10-17 00:00:00,169002951812550.0
2019-10-18 00:00:00,169002951812550.0
2019-10-19 00:00:00,169002951812550.0
2019-10-20 00:00:00,169002951812550.0
2019-10-21 00:00:00,169002951812550.0
2019-10-22 00:00:00,172436315906119.0
2019-10-23 00:00:00,172689498913717.0
2019-10-24 00:00:00,172797262005825.0
2019-10-25 00:00:00,172797262005825.0
2019-10-26 00:00:00,172797262005825.0
2019-10-27 00:00:00,172797262005825.0
2019-10-28 00:00:00,172797357244307.0
2019-10-29 00:00:00,173085221243765.0
2019-10-30 00:00:00,183037218840114.0
2019-10-31 00:00:00,186150714527587.0
2019-11-01 00:00:00,186416565472186.0
2019-11-02 00:00:00,186416565472186.0
2019-11-03 00:00:00,186416565472186.0
2019-11-04 00:00:00,186416565472186.0
2019-11-05 00:00:00,186416565472186.0
2019-11-06 00:00:00,217248649029738.0
2019-11-07 00:00:00,221523130306163.0
2019-11-08 00:00:00,226530212544602.0
2019-11-09 00:00:00,234951182272116.0
2019-11-10 00:00:00,239535094703928.0
2019-11-11 00:00:00,241350856388042.0
2019-11-12 00:00:00,245373224050989.0
2019-11-13 00:00:00,247299487601506.0
2019-11-14 00:00:00,251271479656859.0
2019-11-15 00:00:00,251761851195253.0
2019-11-16 00:00:00,254054713994998.0
2019-11-17 00:00:00,254474657670596.0
2019-11-18 00:00:00,254474657670596.0
2019-11-19 00:00:00,254474657670596.0
2019-11-20 00:00:00,255317550063244.0
2019-11-21 00:00:00,257365759127572.0
2019-11-22 00:00:00,260512356268447.0
2019-11-23 00:00:00,265441353285603.0
2019-11-24 00:00:00,265501998338964.0
2019-11-25 00:00:00,265619929810766.0
2019-11-26 00:00:00,265619929810766.0
2019-11-27 00:00:00,265619929810766.0
2019-11-28 00:00:00,265877480788451.0
2019-11-29 00:00:00,265877480788451.0
2019-11-30 00:00:00,265877480788451.0
2019-12-01 00:00:00,265877480788451.0
2019-12-02 00:00:00,266252650512146.0
2019-12-03 00:00:00,271859392751871.0
2019-12-04 00:00:00,272019230230680.0
2019-12-05 00:00:00,272019230230680.0
2019-12-06 00:00:00,272019230230680.0
2019-12-07 00:00:00,272019230230680.0
2019-12-08 00:00:00,272019230230680.0
2019-12-09 00:00:00,272019230337311.0
2019-12-10 00:00:00,273063537988026.0
2019-12-11 00:00:00,287998191247611.0
2019-12-12 00:00:00,296189174210335.0
2019-12-13 00:00:00,310281938602962.0
2019-12-14 00:00:00,319242866771483.0
2019-12-15 00:00:00,319789733660866.0
2019-12-16 00:00:00,323402329021276.0
2019-12-17 00:00:00,340062426650421.0
2019-12-18 00:00:00,349876313247956.0
2019-12-19 00:00:00,366718034069076.0
2019-12-20 00:00:00,374413095894157.0
2019-12-21 00:00:00,376298114582447.0
2019-12-22 00:00:00,376656475898578.0
2019-12-23 00:00:00,378575691234596.0
2019-12-24 00:00:00,378575691234596.0
2019-12-25 00:00:00,378575691234596.0
2019-12-26 00:00:00,378575691234596.0
2019-12-27 00:00:00,378575691234596.0
2019-12-28 00:00:00,378575691234596.0
2019-12-29 00:00:00,378575691234596.0
2019-12-30 00:00:00,378575691234596.0
2019-12-31 00:00:00,378575691234596.0
2020-01-01 00:00:00,378575691234596.0
2020-01-02 00:00:00,383933408101483.0
2020-01-03 00:00:00,387306047200196.0
2020-01-04 00:00:00,392770241599731.0
2020-01-05 00:00:00,393691033456807.0
2020-01-06 00:00:00,393974447768281.0
2020-01-07 00:00:00,399064512319187.0
2020-01-08 00:00:00,403264491618575.0
2020-01-09 00:00:00,419920525065531.0
2020-01-10 00:00:00,421830724749127.0
2020-01-11 00:00:00,423029343546249.0
2020-01-12 00:00:00,423076367277024.0
2020-01-13 00:00:00,424793444424551.0
2020-01-14 00:00:00,425072310064907.0
2020-01-15 00:00:00,426701826338167.0
2020-01-16 00:00:00,430431924220206.0
2020-01-17 00:00:00,438657556345097.0
2020-01-18 00:00:00,443406169520346.0
2020-01-19 00:00:00,443658286656094.0
2020-01-20 00:00:00,444169458413398.0
2020-01-21 00:00:00,444691969666830.0
2020-01-22 00:00:00,465965200440355.0
2020-01-23 00:00:00,472822912672502.0
2020-01-24 00:00:00,475120663392884.0
2020-01-25 00:00:00,475313146944405.0
2020-01-26 00:00:00,476462227641251.0
2020-01-27 00:00:00,479859038056536.0
2020-01-28 00:00:00,480741917236031.0
2020-01-29 00:00:00,481129056281190.0
2020-01-30 00:00:00,481296109271926.0
2020-01-31 00:00:00,481989601903905.0
2020-02-01 00:00:00,482492644659458.0
2020-02-02 00:00:00,482492644659458.0
2020-02-03 00:00:00,484856932867377.0
2020-02-04 00:00:00,489316670183372.0
2020-02-05 00:00:00,492326073197990.0
2020-02-06 00:00:00,494486911772330.0
2020-02-07 00:00:00,497643368099751.0
2020-02-08 00:00:00,498365578592132.0
2020-02-09 00:00:00,498537800785693.0
2020-02-10 00:00:00,498717638208099.0
2020-02-11 00:00:00,505529212249844.0
2020-02-12 00:00:00,510128664085540.0
2020-02-13 00:00:00,511532752652808.0
2020-02-14 00:00:00,511675574008372.0
2020-02-15 00:00:00,511679664642615.0
2020-02-16 00:00:00,512618090578359.0
2020-02-17 00:00:00,516156124999848.0
2020-02-18 00:00:00,521775247931677.0
2020-02-19 00:00:00,527201389733977.0
2020-02-20 00:00:00,528483135176810.0
2020-02-21 00:00:00,529884416437355.0
2020-02-22 00:00:00,535721763895831.0
2020-02-23 00:00:00,536343782515598.0
2020-02-24 00:00:00,539945700507716.0
2020-02-25 00:00:00,540862178062732.0
2020-02-26 00:00:00,543330318554291.0
2020-02-27 00:00:00,544400254621130.0
2020-02-28 00:00:00,544428846958170.0
2020-02-29 00:00:00,548728039940110.0
2020-03-01 00:00:00,549136310420420.0
2020-03-02 00:00:00,549207788617874.0
2020-03-03 00:00:00,549210936507461.0
2020-03-04 00:00:00,549455215635576.0
2020-03-05 00:00:00,549463788230822.0
2020-03-06 00:00:00,549463788230822.0
2020-03-07 00:00:00,549463788230822.0
2020-03-08 00:00:00,549463788230822.0
2020-03-09 00:00:00,549463788230822.0
2020-03-10 00:00:00,549463788230822.0
2020-03-11 00:00:00,550652695836240.0
2020-03-12 00:00:00,550707248596001.0
2020-03-13 00:00:00,550707248596001.0
2020-03-14 00:00:00,550707248596001.0
2020-03-15 00:00:00,550707248596001.0
2020-03-16 00:00:00,550707248596001.0
2020-03-17 00:00:00,550716537537033.0
2020-03-18 00:00:00,550716537537033.0
2020-03-19 00:00:00,550716537537033.0
2020-03-20 00:00:00,550716537537033.0
2020-03-21 00:00:00,550722896032998.0
2020-03-22 00:00:00,550722896032998.0
2020-03-23 00:00:00,550722896032998.0
2020-03-24 00:00:00,551339306504090.0
2020-03-25 00:00:00,558451016121252.0
2020-03-26 00:00:00,572162144441369.0
2020-03-27 00:00:00,572503386055929.0
2020-03-28 00:00:00,572732591770362.0
2020-03-29 00:00:00,572732591770362.0
2020-03-30 00:00:00,574958048815633.0
2020-03-31 00:00:00,576574238841942.0
2020-04-01 00:00:00,578855465187540.0
2020-04-02 00:00:00,578855465187540.0
2020-04-03 00:00:00,581667062986325.0
2020-04-04 00:00:00,581667062986325.0
2020-04-05 00:00:00,590001513779217.0
2020-04-06 00:00:00,599974240232272.0
2020-04-07 00:00:00,602617872144355.0
2020-04-08 00:00:00,603792280746473.0
2020-04-09 00:00:00,607402860081093.0
2020-04-10 00:00:00,608312920334262.0
2020-04-11 00:00:00,608312920334262.0
2020-04-12 00:00:00,609929767247562.0
2020-04-13 00:00:00,611606424693424.0
2020-04-14 00:00:00,611751029334680.0
2020-04-15 00:00:00,623520395468688.0
2020-04-16 00:00:00,624939810622664.0
2020-04-17 00:00:00,624939810622664.0
2020-04-18 00:00:00,624939810622664.0
2020-04-19 00:00:00,624939810622664.0
2020-04-20 00:00:00,624957373056345.0
2020-04-21 00:00:00,624963052300044.0
2020-04-22 00:00:00,625111420738785.0
2020-04-23 00:00:00,629682239688560.0
2020-04-24 00:00:00,632184218129612.0
2020-04-25 00:00:00,632184218129612.0
2020-04-26 00:00:00,632184218129612.0
2020-04-27 00:00:00,632184218129612.0
2020-04-28 00:00:00,632417626464001.0
2020-04-29 00:00:00,633211927134663.0
2020-04-30 00:00:00,639472537086333.0
2020-05-01 00:00:00,642748462425012.0
2020-05-02 00:00:00,653110310171120.0
2020-05-03 00:00:00,653179637970072.0
2020-05-04 00:00:00,657871268050879.0
2020-05-05 00:00:00,658830869045650.0
2020-05-06 00:00:00,658832415302432.0
2020-05-07 00:00:00,658832415302432.0
2020-05-08 00:00:00,658832415302432.0
2020-05-09 00:00:00,658832415302432.0
2020-05-10 00:00:00,658832415302432.0
2020-05-11 00:00:00,658832415302432.0
2020-05-12 00:00:00,658832415302432.0
2020-05-13 00:00:00,664117150521451.0
2020-05-14 00:00:00,664117150521451.0
2020-05-15 00:00:00,664117150521451.0
2020-05-16 00:00:00,664117150521451.0
2020-05-17 00:00:00,664117150521451.0
2020-05-18 00:00:00,664117150521451.0
2020-05-19 00:00:00,664117150521451.0
2020-05-20 00:00:00,664117150521451.0
2020-05-21 00:00:00,664117150521451.0
2020-05-22 00:00:00,664117150521451.0
2020-05-23 00:00:00,671192601059491.0
2020-05-24 00:00:00,671192601059491.0
2020-05-25 00:00:00,672511251935388.0
2020-05-26 00:00:00,672511251935388.0
2020-05-27 00:00:00,672511251935388.0
2020-05-28 00:00:00,672511251935388.0
2020-05-29 00:00:00,672511251935388.0
2020-05-30 00:00:00,672511251935388.0
2020-05-31 00:00:00,672511251935388.0
2020-06-01 00:00:00,672511251935388.0
2020-06-02 00:00:00,672511251935388.0
2020-06-03 00:00:00,672511251935388.0
2020-06-04 00:00:00,675253302764340.0
2020-06-05 00:00:00,675253302764340.0
2020-06-06 00:00:00,675253302764340.0
2020-06-07 00:00:00,675253302764340.0
2020-06-08 00:00:00,675253302764340.0
2020-06-09 00:00:00,675253302764340.0
2020-06-10 00:00:00,675253302764340.0
2020-06-11 00:00:00,688553707646902.0
2020-06-12 00:00:00,715496066982727.0
2020-06-13 00:00:00,723754542777361.0
2020-06-14 00:00:00,723754542777361.0
2020-06-15 00:00:00,740161916406001.0
2020-06-16 00:00:00,745261893387053.0
2020-06-17 00:00:00,775837426040521.0
2020-06-18 00:00:00,775837426040521.0
2020-06-19 00:00:00,775837426040521.0
2020-06-20 00:00:00,775837426040521.0
2020-06-21 00:00:00,775837426040521.0
2020-06-22 00:00:00,790515569662057.0
2020-06-23 00:00:00,790515569662057.0
2020-06-24 00:00:00,790515569662057.0
2020-06-25 00:00:00,790515569662057.0
2020-06-26 00:00:00,790515569662057.0
2020-06-27 00:00:00,790847937531325.0
2020-06-28 00:00:00,790847937531325.0
2020-06-29 00:00:00,791209038709596.0
2020-06-30 00:00:00,791381581349609.0
2020-07-01 00:00:00,791680593708667.0
2020-07-02 00:00:00,791680593708667.0
2020-07-03 00:00:00,791680593708667.0
2020-07-04 00:00:00,791680593708667.0
2020-07-05 00:00:00,791680593708667.0
2020-07-06 00:00:00,791680593708667.0
2020-07-07 00:00:00,791680593708667.0
2020-07-08 00:00:00,792401084563821.0
2020-07-09 00:00:00,798876298422762.0
2020-07-10 00:00:00,800071826852823.0
2020-07-11 00:00:00,800071826852823.0
2020-07-12 00:00:00,800071826852823.0
2020-07-13 00:00:00,800071826852823.0
2020-07-14 00:00:00,804698742754415.0
2020-07-15 00:00:00,804698742754415.0
2020-07-16 00:00:00,806477579371042.0
2020-07-17 00:00:00,808919013076748.0
2020-07-18 00:00:00,808919013076748.0
2020-07-19 00:00:00,808919013076748.0
2020-07-20 00:00:00,808919013076748.0
2020-07-21 00:00:00,808919013076748.0
2020-07-22 00:00:00,823993132849696.0
2020-07-23 00:00:00,841438241294556.0
2020-07-24 00:00:00,841438241294556.0
2020-07-25 00:00:00,841438241294556.0
2020-07-26 00:00:00,842338136352023.0
2020-07-27 00:00:00,848451663614693.0
2020-07-28 00:00:00,848451663614693.0
2020-07-29 00:00:00,848503887506958.0
2020-07-30 00:00:00,850573610272248.0
2020-07-31 00:00:00,853743134526889.0
2020-08-01 00:00:00,856577465724283.0
2020-08-02 00:00:00,856577465724283.0
2020-08-03 00:00:00,858337449977378.0
2020-08-04 00:00:00,858337449977378.0
2020-08-05 00:00:00,862730382752640.0
2020-08-06 00:00:00,862730382752640.0
2020-08-07 00:00:00,862730382752640.0
2020-08-08 00:00:00,862730382752640.0
2020-08-09 00:00:00,862730382752640.0
2020-08-10 00:00:00,862730382752640.0
2020-08-11 00:00:00,866156031814759.0
2020-08-12 00:00:00,866156031814759.0
2020-08-13 00:00:00,866294234485164.0
2020-08-14 00:00:00,866297938232006.0
2020-08-15 00:00:00,866297938232006.0
2020-08-16 00:00:00,866297938232006.0
2020-08-17 00:00:00,866297938232006.0
2020-08-18 00:00:00,873284407377755.0
2020-08-19 00:00:00,883439971703819.0
2020-08-20 00:00:00,883439971703819.0
2020-08-21 00:00:00,883439971703819.0
2020-08-22 00:00:00,883439971703819.0
2020-08-23 00:00:00,883439971703819.0
2020-08-24 00:00:00,883439971703819.0
2020-08-25 00:00:00,883439971703819.0
2020-08-26 00:00:00,883439971703819.0
2020-08-27 00:00:00,902684102215972.0
2020-08-28 00:00:00,902684102215972.0
2020-08-29 00:00:00,902684102215972.0
2020-08-30 00:00:00,902684102215972.0
2020-08-31 00:00:00,902684102215972.0
2020-09-01 00:00:00,902684102215972.0
2020-09-02 00:00:00,902684102215972.0
2020-09-03 00:00:00,902684102215972.0
2020-09-04 00:00:00,902684102215972.0
2020-09-05 00:00:00,902684102215972.0
2020-09-06 00:00:00,902684102215972.0
2020-09-07 00:00:00,902684102215972.0
2020-09-08 00:00:00,903028945470325.0
2020-09-09 00:00:00,906562993843456.0
2020-09-10 00:00:00,912806804157933.0
2020-09-11 00:00:00,912806843669424.0
2020-09-12 00:00:00,912806843669424.0
2020-09-13 00:00:00,912806843669424.0
2020-09-14 00:00:00,912806843669424.0
2020-09-15 00:00:00,912806843669424.0
2020-09-16 00:00:00,912806843669424.0
2020-09-17 00:00:00,917748862074370.0
2020-09-18 00:00:00,935975818853414.0
2020-09-19 00:00:00,939296266525892.0
2020-09-20 00:00:00,939417884664753.0
2020-09-21 00:00:00,939417884664753.0
2020-09-22 00:00:00,939417884664753.0
2020-09-23 00:00:00,939417884664753.0
2020-09-24 00:00:00,939417884664753.0
2020-09-25 00:00:00,939417884664753.0
2020-09-26 00:00:00,939417884664753.0
2020-09-27 00:00:00,939417884664753.0
2020-09-28 00:00:00,939417884664753.0
2020-09-29 00:00:00,939417884664753.0
2020-09-30 00:00:00,939463497058228.0
2020-10-01 00:00:00,939465177975763.0
2020-10-02 00:00:00,939471929098195.0
2020-10-03 00:00:00,939483369145168.0
2020-10-04 00:00:00,939483369145168.0
2020-10-05 00:00:00,939554117958527.0
2020-10-06 00:00:00,939930634841499.0
2020-10-07 00:00:00,940212077066390.0
2020-10-08 00:00:00,940329307368577.0
2020-10-09 00:00:00,940329307368577.0
2020-10-10 00:00:00,940329307368577.0
2020-10-11 00:00:00,940329307368577.0
2020-10-12 00:00:00,940339436678321.0
2020-10-13 00:00:00,940339436678321.0
2020-10-14 00:00:00,941694381735361.0
2020-10-15 00:00:00,941731325449841.0
2020-10-16 00:00:00,943046624107617.0
2020-10-17 00:00:00,943046624107617.0
2020-10-18 00:00:00,943046624107617.0
2020-10-19 00:00:00,943046624107617.0
2020-10-20 00:00:00,943046624107617.0
2020-10-21 00:00:00,943046624107617.0
2020-10-22 00:00:00,943046648015149.0
2020-10-23 00:00:00,943046648015149.0
2020-10-24 00:00:00,943046648015149.0
2020-10-25 00:00:00,943046648015149.0
2020-10-26 00:00:00,943046648015149.0
2020-10-27 00:00:00,943046648015149.0
2020-10-28 00:00:00,943046648015149.0
2020-10-29 00:00:00,943046648015149.0
2020-10-30 00:00:00,943046648015149.0
2020-10-31 00:00:00,943046648015149.0
2020-11-01 00:00:00,943046648015149.0
2020-11-02 00:00:00,957616884905757.0
2020-11-03 00:00:00,957616884905757.0
2020-11-04 00:00:00,957616884905757.0
2020-11-05 00:00:00,957616884905757.0
2020-11-06 00:00:00,957616884905757.0
2020-11-07 00:00:00,957616884905757.0
2020-11-08 00:00:00,957616884905757.0
2020-11-09 00:00:00,957616884905757.0
2020-11-10 00:00:00,957616884905757.0
2020-11-11 00:00:00,957616884905757.0
2020-11-12 00:00:00,957616884905757.0
2020-11-13 00:00:00,957616884905757.0
2020-11-14 00:00:00,957616884905757.0
2020-11-15 00:00:00,957786493387100.0
2020-11-16 00:00:00,957786493387100.0
2020-11-17 00:00:00,962159966222872.0
2020-11-18 00:00:00,962159966222872.0
2020-11-19 00:00:00,962159966222872.0
2020-11-20 00:00:00,962159966222872.0
2020-11-21 00:00:00,962159966222872.0
2020-11-22 00:00:00,962159966222872.0
2020-11-23 00:00:00,965692117383749.0
2020-11-24 00:00:00,965692470681589.0
2020-11-25 00:00:00,965692470681589.0
2020-11-26 00:00:00,965692470681589.0
2020-11-27 00:00:00,965692470681589.0
2020-11-28 00:00:00,965692470681589.0
2020-11-29 00:00:00,965692470681589.0
2020-11-30 00:00:00,965692470681589.0
2020-12-01 00:00:00,965692470681589.0
2020-12-02 00:00:00,965692470681589.0
2020-12-03 00:00:00,965706902782041.0
2020-12-04 00:00:00,965706902782041.0
2020-12-05 00:00:00,965706902782041.0
2020-12-06 00:00:00,965706902782041.0
2020-12-07 00:00:00,966138049722694.0
2020-12-08 00:00:00,966138492315684.0
2020-12-09 00:00:00,970841130026457.0
2020-12-10 00:00:00,972851153707469.0
2020-12-11 00:00:00,978204922042733.0
2020-12-12 00:00:00,982958513959009.0
2020-12-13 00:00:00,983309977000885.0
2020-12-14 00:00:00,984317635426637.0
2020-12-15 00:00:00,985982594191038.0
2020-12-16 00:00:00,985982594191038.0
2020-12-17 00:00:00,986395041540000.0
2020-12-18 00:00:00,986395041540000.0
2020-12-19 00:00:00,986395041540000.0
2020-12-20 00:00:00,986395041540000.0
2020-12-21 00:00:00,986395041540000.0
2020-12-22 00:00:00,1007156693425911.0
2020-12-23 00:00:00,1019548453352416.0
2020-12-24 00:00:00,1021070890248957.0
2020-12-25 00:00:00,1022631169310397.0
2020-12-26 00:00:00,1022631169310397.0
2020-12-27 00:00:00,1022631169310397.0
2020-12-28 00:00:00,1029885324386736.0
2020-12-29 00:00:00,1037129178019946.0
2020-12-30 00:00:00,1042635949231042.0
2020-12-31 00:00:00,1049540916175882.0
2021-01-01 00:00:00,1050211258879362.0
2021-01-02 00:00:00,1084194362471774.0
2021-01-03 00:00:00,1084194362471774.0
2021-01-04 00:00:00,1087398966507949.0
2021-01-05 00:00:00,1088156522880801.0
2021-01-06 00:00:00,1090738080584745.0
2021-01-07 00:00:00,1090738080584745.0
2021-01-08 00:00:00,1090738080584745.0
2021-01-09 00:00:00,1090738080584745.0
2021-01-10 00:00:00,1118559758934145.0
2021-01-11 00:00:00,1118857925409337.0
2021-01-12 00:00:00,1118857925409337.0
2021-01-13 00:00:00,1118857925409337.0
2021-01-14 00:00:00,1118857925409337.0
2021-01-15 00:00:00,1121273699388469.0
2021-01-16 00:00:00,1123914377719681.0
2021-01-17 00:00:00,1123914377719681.0
2021-01-18 00:00:00,1123914377719681.0
2021-01-19 00:00:00,1123914377719681.0
2021-01-20 00:00:00,1124699992479887.0
2021-01-21 00:00:00,1124699992479887.0
2021-01-22 00:00:00,1124701962913126.0
2021-01-23 00:00:00,1124701962913126.0
2021-01-24 00:00:00,1124701962913126.0
2021-01-25 00:00:00,1124701962913126.0
2021-01-26 00:00:00,1124749536524614.0
2021-01-27 00:00:00,1126503350366919.0
2021-01-28 00:00:00,1127880853704411.0
2021-01-29 00:00:00,1127880853704411.0
2021-01-30 00:00:00,1127880853704411.0
2021-01-31 00:00:00,1127880853704411.0
2021-02-01 00:00:00,1128369004428633.0
2021-02-02 00:00:00,1128369004428633.0
2021-02-03 00:00:00,1128369004428633.0
2021-02-04 00:00:00,1128369004428633.0
2021-02-05 00:00:00,1128369004428633.0
2021-02-06 00:00:00,1128369004428633.0
2021-02-07 00:00:00,1128369004428633.0
2021-02-08 00:00:00,1128369004428633.0
2021-02-09 00:00:00,1128369004428633.0
2021-02-10 00:00:00,1128369004428633.0
2021-02-11 00:00:00,1128369004428633.0
2021-02-12 00:00:00,1128369004428633.0
2021-02-13 00:00:00,1128369004428633.0
2021-02-14 00:00:00,1128369004428633.0
2021-02-15 00:00:00,1128369004428633.0
2021-02-16 00:00:00,1128369004428633.0
2021-02-17 00:00:00,1128382771418003.0
2021-02-18 00:00:00,1128382771418003.0
2021-02-19 00:00:00,1128396252420066.0
2021-02-20 00:00:00,1129326725890925.0
2021-02-21 00:00:00,1130076929482180.0
2021-02-22 00:00:00,1130516237111087.0
2021-02-23 00:00:00,1130701463049573.0
2021-02-24 00:00:00,1130701463049573.0
2021-02-25 00:00:00,1131362509292453.0
2021-02-26 00:00:00,1131362509292453.0
2021-02-27 00:00:00,1131362509292453.0
2021-02-28 00:00:00,1131362509292453.0
2021-03-01 00:00:00,1131362509292453.0
2021-03-02 00:00:00,1131362509292453.0
2021-03-03 00:00:00,1131362509292453.0
2021-03-04 00:00:00,1131362531975979.0
2021-03-05 00:00:00,1131362531975979.0
2021-03-06 00:00:00,1131362531975979.0
2021-03-07 00:00:00,1131362531975979.0
2021-03-08 00:00:00,1131362531975979.0
2021-03-09 00:00:00,1131362531975979.0
2021-03-10 00:00:00,1131362531975979.0
2021-03-11 00:00:00,1131362531975979.0
2021-03-12 00:00:00,1131362536188627.0
2021-03-13 00:00:00,1131362536188627.0
2021-03-14 00:00:00,1131362536188627.0
2021-03-15 00:00:00,1131919344179776.0
2021-03-16 00:00:00,1138322653466016.0
2021-03-17 00:00:00,1138325692722760.0
2021-03-18 00:00:00,1138342639209753.0
2021-03-19 00:00:00,1138596926739740.0
2021-03-20 00:00:00,1138596926739740.0
2021-03-21 00:00:00,1138596926739740.0
2021-03-22 00:00:00,1138680901205072.0
2021-03-23 00:00:00,1139281141264120.0
2021-03-24 00:00:00,1139757952250393.0
2021-03-25 00:00:00,1139797939169985.0
2021-03-26 00:00:00,1139797939169985.0
2021-03-27 00:00:00,1139797939169985.0
2021-03-28 00:00:00,1139797939169985.0
2021-03-29 00:00:00,1139797939169985.0
2021-03-30 00:00:00,1139797939169985.0
2021-03-31 00:00:00,1139797939169985.0
2021-04-01 00:00:00,1139797939169985.0
2021-04-02 00:00:00,1139797939169985.0
2021-04-03 00:00:00,1139797939169985.0
2021-04-04 00:00:00,1139797939169985.0
2021-04-05 00:00:00,1139797945926265.0
2021-04-06 00:00:00,1139797973522530.0
2021-04-07 00:00:00,1139797973604205.0
2021-04-08 00:00:00,1139797973604205.0
2021-04-09 00:00:00,1139797973604205.0
2021-04-10 00:00:00,1139797973604205.0
2021-04-11 00:00:00,1139797973604205.0
2021-04-12 00:00:00,1139797973604205.0
2021-04-13 00:00:00,1139797973604205.0
2021-04-14 00:00:00,1139797973604205.0
2021-04-15 00:00:00,1139818415428105.0
2021-04-16 00:00:00,1140246211203148.0
2021-04-17 00:00:00,1140399001832257.0
2021-04-18 00:00:00,1140399001832257.0
2021-04-19 00:00:00,1140399001832257.0
2021-04-20 00:00:00,1140761829015413.0
2021-04-21 00:00:00,1140767042519940.0
2021-04-22 00:00:00,1141481403767032.0
2021-04-23 00:00:00,1141782610921871.0
2021-04-24 00:00:00,1142186740309758.0
2021-04-25 00:00:00,1142785226596878.0
2021-04-26 00:00:00,1142785226596878.0
2021-04-27 00:00:00,1143265191690174.0
2021-04-28 00:00:00,1143265195736942.0
2021-04-29 00:00:00,1152231495276622.0
2021-04-30 00:00:00,1152231495276622.0
2021-05-01 00:00:00,1152231495276622.0
2021-05-02 00:00:00,1152231495276622.0
2021-05-03 00:00:00,1152231495276622.0
2021-05-04 00:00:00,1152242541826349.0
2021-05-05 00:00:00,1152242541826349.0
2021-05-06 00:00:00,1152242541826349.0
2021-05-07 00:00:00,1152242541826349.0
2021-05-08 00:00:00,1152242541826349.0
2021-05-09 00:00:00,1152242541826349.0
2021-05-10 00:00:00,1152242541826349.0
2021-05-11 00:00:00,1152242541826349.0
2021-05-12 00:00:00,1152242541826349.0
2021-05-13 00:00:00,1152242541826349.0
2021-05-14 00:00:00,1152242541826349.0
2021-05-15 00:00:00,1152242541826349.0
2021-05-16 00:00:00,1152242541826349.0
2021-05-17 00:00:00,1152242541826349.0
2021-05-18 00:00:00,1152242541826349.0
2021-05-19 00:00:00,1152242541826349.0
2021-05-20 00:00:00,1152242541826349.0
2021-05-21 00:00:00,1152242541826349.0
2021-05-22 00:00:00,1152242541826349.0
2021-05-23 00:00:00,1152242541826349.0
2021-05-24 00:00:00,1152242541826349.0
2021-05-25 00:00:00,1152242541826349.0
2021-05-26 00:00:00,1152242541826349.0
2021-05-27 00:00:00,1152242541826349.0
2021-05-28 00:00:00,1152242541826349.0
2021-05-29 00:00:00,1152242541826349.0
2021-05-30 00:00:00,1152242541826349.0
2021-05-31 00:00:00,1152242541826349.0
2021-06-01 00:00:00,1152242541826349.0
2021-06-02 00:00:00,1152242541826349.0
2021-06-03 00:00:00,1152242541826349.0
2021-06-04 00:00:00,1152242541826349.0
2021-06-05 00:00:00,1152242541826349.0
2021-06-06 00:00:00,1152242541826349.0
2021-06-07 00:00:00,1152242541826349.0
2021-06-08 00:00:00,1152242541826349.0
2021-06-09 00:00:00,1152242541826349.0
2021-06-10 00:00:00,1152242541826349.0
2021-06-11 00:00:00,1152242541826349.0
2021-06-12 00:00:00,1152242541826349.0
2021-06-13 00:00:00,1152242541826349.0
2021-06-14 00:00:00,1152242541826349.0
2021-06-15 00:00:00,1152242541826349.0
2021-06-16 00:00:00,1152242541826349.0
2021-06-17 00:00:00,1152242541826349.0
2021-06-18 00:00:00,1153119374489795.0
2021-06-19 00:00:00,1153119374489795.0
2021-06-20 00:00:00,1153119374489795.0
2021-06-21 00:00:00,1153119374489795.0
2021-06-22 00:00:00,1153119374489795.0
2021-06-23 00:00:00,1153119374489795.0
2021-06-24 00:00:00,1154938524766975.0
2021-06-25 00:00:00,1154938524766975.0
2021-06-26 00:00:00,1154938524766975.0
2021-06-27 00:00:00,1154938524766975.0
2021-06-28 00:00:00,1155034778453131.0
2021-06-29 00:00:00,1155300455378817.0
2021-06-30 00:00:00,1155300455378817.0
2021-07-01 00:00:00,1155300455378817.0
2021-07-02 00:00:00,1155300455378817.0
2021-07-03 00:00:00,1155300455378817.0
2021-07-04 00:00:00,1155300455378817.0
2021-07-05 00:00:00,1155300455378817.0
2021-07-06 00:00:00,1155300455378817.0
2021-07-07 00:00:00,1155300455378817.0
2021-07-08 00:00:00,1155306046387069.0
2021-07-09 00:00:00,1155725830340808.0
2021-07-10 00:00:00,1155725830340808.0
2021-07-11 00:00:00,1155725830340808.0
2021-07-12 00:00:00,1159841940533104.0
2021-07-13 00:00:00,1166450173718188.0
2021-07-14 00:00:00,1166450173718188.0
2021-07-15 00:00:00,1166450173718188.0
2021-07-16 00:00:00,1166450173718188.0
2021-07-17 00:00:00,1166450173718188.0
2021-07-18 00:00:00,1166450173718188.0
2021-07-19 00:00:00,1166450173718188.0
2021-07-20 00:00:00,1166450173718188.0
2021-07-21 00:00:00,1166450173718188.0
2021-07-22 00:00:00,1166450173718188.0
2021-07-23 00:00:00,1166450173718188.0
2021-07-24 00:00:00,1166450173718188.0
2021-07-25 00:00:00,1166450173718188.0
2021-07-26 00:00:00,1166450173718188.0
2021-07-27 00:00:00,1166450173718188.0
2021-07-28 00:00:00,1166508131310912.0
2021-07-29 00:00:00,1167045707909500.0
2021-07-30 00:00:00,1167045707909500.0
2021-07-31 00:00:00,1167045707909500.0
2021-08-01 00:00:00,1167045707909500.0
2021-08-02 00:00:00,1167045707909500.0
2021-08-03 00:00:00,1167045707909500.0
2021-08-04 00:00:00,1167045707909500.0
2021-08-05 00:00:00,1167045707909500.0
2021-08-06 00:00:00,1167045707909500.0
2021-08-07 00:00:00,1167045707909500.0
2021-08-08 00:00:00,1167045707909500.0
2021-08-09 00:00:00,1167045707909500.0
2021-08-10 00:00:00,1167045707909500.0
2021-08-11 00:00:00,1167045707909500.0
2021-08-12 00:00:00,1167045707909500.0
2021-08-13 00:00:00,1167045707909500.0
2021-08-14 00:00:00,1167045707909500.0
2021-08-15 00:00:00,1167045707909500.0
2021-08-16 00:00:00,1167045707909500.0
2021-08-17 00:00:00,1170534569057596.0
2021-08-18 00:00:00,1170537827532321.0
2021-08-19 00:00:00,1170537827532321.0
2021-08-20 00:00:00,1170537827532321.0
2021-08-21 00:00:00,1170537827532321.0
2021-08-22 00:00:00,1170537827532321.0
2021-08-23 00:00:00,1170537827532321.0
2021-08-24 00:00:00,1170537827532321.0
2021-08-25 00:00:00,1170537827532321.0
2021-08-26 00:00:00,1170537827532321.0
2021-08-27 00:00:00,1170537827532321.0
2021-08-28 00:00:00,1170537827532321.0
2021-08-29 00:00:00,1170537827532321.0
2021-08-30 00:00:00,1170537827532321.0
2021-08-31 00:00:00,1170537827532321.0
2021-09-01 00:00:00,1170537827532321.0
2021-09-02 00:00:00,1170537827532321.0
2021-09-03 00:00:00,1170537827532321.0
2021-09-04 00:00:00,1170537827532321.0
2021-09-05 00:00:00,1170537827532321.0
2021-09-06 00:00:00,1177621751449429.0
2021-09-07 00:00:00,1178614146814911.0
2021-09-08 00:00:00,1178614146814911.0
2021-09-09 00:00:00,1178614146814911.0
2021-09-10 00:00:00,1178614146814911.0
2021-09-11 00:00:00,1178614146814911.0
2021-09-12 00:00:00,1178614146814911.0
2021-09-13 00:00:00,1178614146814911.0
2021-09-14 00:00:00,1178614146814911.0
2021-09-15 00:00:00,1178614146814911.0
2021-09-16 00:00:00,1178614146814911.0
2021-09-17 00:00:00,1178614146814911.0
2021-09-18 00:00:00,1178614146814911.0
2021-09-19 00:00:00,1178614146814911.0
2021-09-20 00:00:00,1178614146814911.0
2021-09-21 00:00:00,1178614146814911.0
2021-09-22 00:00:00,1178614146814911.0
2021-09-23 00:00:00,1178614146814911.0
2021-09-24 00:00:00,1178614146814911.0
2021-09-25 00:00:00,1178614146814911.0
2021-09-26 00:00:00,1178614146814911.0
2021-09-27 00:00:00,1178614146814911.0
2021-09-28 00:00:00,1178614146814911.0
2021-09-29 00:00:00,1178614146814911.0
2021-09-30 00:00:00,1178614146814911.0
2021-10-01 00:00:00,1178614146814911.0
2021-10-02 00:00:00,1178614146814911.0
2021-10-03 00:00:00,1178614146814911.0
2021-10-04 00:00:00,1178614146814911.0
2021-10-05 00:00:00,1178614146814911.0
2021-10-06 00:00:00,1178614146814911.0
2021-10-07 00:00:00,1178614146814911.0
2021-10-08 00:00:00,1178614146814911.0
2021-10-09 00:00:00,1178614146814911.0
2021-10-10 00:00:00,1178614146814911.0
2021-10-11 00:00:00,1178614146814911.0
2021-10-12 00:00:00,1178614146814911.0
2021-10-13 00:00:00,1178614146814911.0
2021-10-14 00:00:00,1178614146814911.0
2021-10-15 00:00:00,1178614146814911.0
2021-10-16 00:00:00,1178614146814911.0
2021-10-17 00:00:00,1178614146814911.0
2021-10-18 00:00:00,1178614146814911.0
2021-10-19 00:00:00,1178614146814911.0
2021-10-20 00:00:00,1178614146814911.0
2021-10-21 00:00:00,1178614146814911.0
2021-10-22 00:00:00,1178614146814911.0
2021-10-23 00:00:00,1178614146814911.0
2021-10-24 00:00:00,1178614146814911.0
2021-10-25 00:00:00,1178614146814911.0
2021-10-26 00:00:00,1184625873316561.0
2021-10-27 00:00:00,1186889539272458.0
2021-10-28 00:00:00,1186889539272458.0
2021-10-29 00:00:00,1186889539272458.0
2021-10-30 00:00:00,1186889539272458.0
2021-10-31 00:00:00,1186889539272458.0
2021-11-01 00:00:00,1186889539272458.0
2021-11-02 00:00:00,1186889539272458.0
2021-11-03 00:00:00,1186912023835359.0
2021-11-04 00:00:00,1186918560641285.0
2021-11-05 00:00:00,1186918560641285.0
2021-11-06 00:00:00,1186918560641285.0
2021-11-07 00:00:00,1186918560641285.0
2021-11-08 00:00:00,1186918560641285.0
2021-11-09 00:00:00,1186918560641285.0
2021-11-10 00:00:00,1186918560641285.0
2021-11-11 00:00:00,1186918560641285.0
2021-11-12 00:00:00,1186918560641285.0
2021-11-13 00:00:00,1186918560641285.0
2021-11-14 00:00:00,1186918560641285.0
2021-11-15 00:00:00,1186918560641285.0
2021-11-16 00:00:00,1186918560641285.0
2021-11-17 00:00:00,1186918560641285.0
2021-11-18 00:00:00,1186918560641285.0
2021-11-19 00:00:00,1186918560641285.0
2021-11-20 00:00:00,1186918560641285.0
2021-11-21 00:00:00,1186918560641285.0
2021-11-22 00:00:00,1186918560641285.0
2021-11-23 00:00:00,1186918560641285.0
2021-11-24 00:00:00,1186918560641285.0
2021-11-25 00:00:00,1186918560641285.0
2021-11-26 00:00:00,1186918560641285.0
2021-11-27 00:00:00,1186918560641285.0
2021-11-28 00:00:00,1186918560641285.0
2021-11-29 00:00:00,1186918560641285.0
2021-11-30 00:00:00,1186918560641285.0
2021-12-01 00:00:00,1186918560641285.0
2021-12-02 00:00:00,1186918560641285.0
2021-12-03 00:00:00,1196486905288561.0
2021-12-04 00:00:00,1196486905288561.0
2021-12-05 00:00:00,1196486905288561.0
2021-12-06 00:00:00,1210256677077509.0
2021-12-07 00:00:00,1212866912249345.0
2021-12-08 00:00:00,1212866912249345.0
2021-12-09 00:00:00,1212866912249345.0
2021-12-10 00:00:00,1212866912249345.0
2021-12-11 00:00:00,1212866912249345.0
2021-12-12 00:00:00,1212866912249345.0
2021-12-13 00:00:00,1212928378035545.0
2021-12-14 00:00:00,1212928378035545.0
2021-12-15 00:00:00,1212929675797439.0
2021-12-16 00:00:00,1212929863626119.0
2021-12-17 00:00:00,1212929863626119.0
2021-12-18 00:00:00,1212929863626119.0
2021-12-19 00:00:00,1212929863626119.0
2021-12-20 00:00:00,1212929863626119.0
2021-12-21 00:00:00,1212929863626119.0
2021-12-22 00:00:00,1212929863626119.0
2021-12-23 00:00:00,1212929863626119.0
2021-12-24 00:00:00,1212929863626119.0
2021-12-25 00:00:00,1212929863626119.0
2021-12-26 00:00:00,1212929863626119.0
2021-12-27 00:00:00,1216900134686248.0
2021-12-28 00:00:00,1216900134686248.0
2021-12-29 00:00:00,1216900134686248.0
2021-12-30 00:00:00,1216900134686248.0
2021-12-31 00:00:00,1216900134686248.0
2022-01-01 00:00:00,1216900134686248.0
2022-01-02 00:00:00,1216900134686248.0
2022-01-03 00:00:00,1216900134686248.0
2022-01-04 00:00:00,1216943425405848.0
2022-01-05 00:00:00,1216943425405848.0
2022-01-06 00:00:00,1216943425405848.0
2022-01-07 00:00:00,1216943425405848.0
2022-01-08 00:00:00,1216943425405848.0
2022-01-09 00:00:00,1216943425405848.0
2022-01-10 00:00:00,1216943425405848.0
2022-01-11 00:00:00,1216943425405848.0
2022-01-12 00:00:00,1216943425405848.0
2022-01-13 00:00:00,1216943425405848.0
2022-01-14 00:00:00,1216943425405848.0
2022-01-15 00:00:00,1216943425405848.0
2022-01-16 00:00:00,1216943425405848.0
2022-01-17 00:00:00,1216943425405848.0
2022-01-18 00:00:00,1216943425405848.0
2022-01-19 00:00:00,1216943425405848.0
2022-01-20 00:00:00,1216943425405848.0
2022-01-21 00:00:00,1216943425405848.0
2022-01-22 00:00:00,1216943425405848.0
2022-01-23 00:00:00,1216943425405848.0
2022-01-24 00:00:00,1216943425405848.0
2022-01-25 00:00:00,1217730619439448.0
2022-01-26 00:00:00,1217730619439448.0
2022-01-27 00:00:00,1217730619439448.0
2022-01-28 00:00:00,1217730619439448.0
2022-01-29 00:00:00,1217730619439448.0
2022-01-30 00:00:00,1217730619439448.0
2022-01-31 00:00:00,1217730619439448.0
2022-02-01 00:00:00,1217730619439448.0
2022-02-02 00:00:00,1217824679576892.0
2022-02-03 00:00:00,1217824679576892.0
2022-02-04 00:00:00,1217824679576892.0
2022-02-05 00:00:00,1217824679576892.0
2022-02-06 00:00:00,1217824679576892.0
2022-02-07 00:00:00,1217824679576892.0
2022-02-08 00:00:00,1217824679576892.0
2022-02-09 00:00:00,1217824679576892.0
2022-02-10 00:00:00,1217824679576892.0
2022-02-11 00:00:00,1217824679576892.0
2022-02-12 00:00:00,1217824679576892.0
2022-02-13 00:00:00,1217824679576892.0
2022-02-14 00:00:00,1217824679576892.0
2022-02-15 00:00:00,1217824679576892.0
2022-02-16 00:00:00,1217824679576892.0
2022-02-17 00:00:00,1217824679576892.0
2022-02-18 00:00:00,1217824679576892.0
2022-02-19 00:00:00,1217824679576892.0
2022-02-20 00:00:00,1217824679576892.0
2022-02-21 00:00:00,1217824679576892.0
2022-02-22 00:00:00,1217824679576892.0
2022-02-23 00:00:00,1217824679576892.0
2022-02-24 00:00:00,1217824679576892.0
2022-02-25 00:00:00,1217824679576892.0
2022-02-26 00:00:00,1217824679576892.0
2022-02-27 00:00:00,1217824679576892.0
2022-02-28 00:00:00,1217824679576892.0
2022-03-01 00:00:00,1217824679576892.0
2022-03-02 00:00:00,1217824679576892.0
2022-03-03 00:00:00,1217824679576892.0
2022-03-04 00:00:00,1217824679576892.0
2022-03-05 00:00:00,1217824679576892.0
2022-03-06 00:00:00,1217824679576892.0
2022-03-07 00:00:00,1217824679576892.0
2022-03-08 00:00:00,1217824679576892.0
2022-03-09 00:00:00,1217824679576892.0
2022-03-10 00:00:00,1217824679576892.0
2022-03-11 00:00:00,1217824679576892.0
2022-03-12 00:00:00,1217824679576892.0
2022-03-13 00:00:00,1217824679576892.0
2022-03-14 00:00:00,1217824679576892.0
2022-03-15 00:00:00,1217824679576892.0
2022-03-16 00:00:00,1217824679576892.0
2022-03-17 00:00:00,1217824679576892.0
2022-03-18 00:00:00,1217824679576892.0
2022-03-19 00:00:00,1217824679576892.0
2022-03-20 00:00:00,1217824679576892.0
2022-03-21 00:00:00,1217824679576892.0
2022-03-22 00:00:00,1217824679576892.0
2022-03-23 00:00:00,1217824679576892.0
2022-03-24 00:00:00,1217824679576892.0
2022-03-25 00:00:00,1217824679576892.0
2022-03-26 00:00:00,1217824679576892.0
2022-03-27 00:00:00,1217824679576892.0
2022-03-28 00:00:00,1217824679576892.0
2022-03-29 00:00:00,1217824679576892.0
2022-03-30 00:00:00,1217824679576892.0
2022-03-31 00:00:00,1217824679576892.0
2022-04-01 00:00:00,1217824679576892.0
2022-04-02 00:00:00,1217824679576892.0
2022-04-03 00:00:00,1217824679576892.0
2022-04-04 00:00:00,1217824679576892.0
2022-04-05 00:00:00,1217824679576892.0
2022-04-06 00:00:00,1217824679576892.0
2022-04-07 00:00:00,1217824679576892.0
2022-04-08 00:00:00,1217824679576892.0
2022-04-09 00:00:00,1217824679576892.0
2022-04-10 00:00:00,1217824679576892.0
2022-04-11 00:00:00,1217824679576892.0
2022-04-12 00:00:00,1217824679576892.0
2022-04-13 00:00:00,1217824679576892.0
2022-04-14 00:00:00,1217824679576892.0
2022-04-15 00:00:00,1217824679576892.0
2022-04-16 00:00:00,1217824679576892.0
2022-04-17 00:00:00,1217824679576892.0
2022-04-18 00:00:00,1217824679576892.0
2022-04-19 00:00:00,1217824679576892.0
2022-04-20 00:00:00,1217824679576892.0
2022-04-21 00:00:00,1217824679576892.0
2022-04-22 00:00:00,1217824679576892.0
2022-04-23 00:00:00,1217824679576892.0
2022-04-24 00:00:00,1217824679576892.0
2022-04-25 00:00:00,1217824679576892.0
2022-04-26 00:00:00,1217824679576892.0
2022-04-27 00:00:00,1217824679576892.0
2022-04-28 00:00:00,1217824679576892.0
2022-04-29 00:00:00,1217824679576892.0
2022-04-30 00:00:00,1217824679576892.0
2022-05-01 00:00:00,1217824679576892.0
2022-05-02 00:00:00,1217824679576892.0
2022-05-03 00:00:00,1217824679576892.0
2022-05-04 00:00:00,1217824679576892.0
2022-05-05 00:00:00,1217824679576892.0
2022-05-06 00:00:00,1217824679576892.0
2022-05-07 00:00:00,1217824679576892.0
2022-05-08 00:00:00,1217824679576892.0
2022-05-09 00:00:00,1217824679576892.0
2022-05-10 00:00:00,1217824679576892.0
2022-05-11 00:00:00,1217824679576892.0
2022-05-12 00:00:00,1217824679576892.0
2022-05-13 00:00:00,1217824679576892.0
2022-05-14 00:00:00,1217824679576892.0
2022-05-15 00:00:00,1217824679576892.0
2022-05-16 00:00:00,1217824679576892.0
2022-05-17 00:00:00,1217824679576892.0
2022-05-18 00:00:00,1217824679576892.0
2022-05-19 00:00:00,1217824679576892.0
2022-05-20 00:00:00,1217824679576892.0
2022-05-21 00:00:00,1217824679576892.0
2022-05-22 00:00:00,1217824679576892.0
2022-05-23 00:00:00,1217824679576892.0
2022-05-24 00:00:00,1217824679576892.0
2022-05-25 00:00:00,1217824679576892.0
2022-05-26 00:00:00,1217824679576892.0
2022-05-27 00:00:00,1217824679576892.0
2022-05-28 00:00:00,1217824679576892.0
2022-05-29 00:00:00,1217824679576892.0
2022-05-30 00:00:00,1217824679576892.0
2022-05-31 00:00:00,1217824679576892.0
2022-06-01 00:00:00,1217824679576892.0
2022-06-02 00:00:00,1217824679576892.0
2022-06-03 00:00:00,1217824679576892.0
2022-06-04 00:00:00,1217824679576892.0
2022-06-05 00:00:00,1217824679576892.0
2022-06-06 00:00:00,1217824679576892.0
2022-06-07 00:00:00,1217824679576892.0
2022-06-08 00:00:00,1217923076732632.0
2022-06-09 00:00:00,1218316652598184.0
2022-06-10 00:00:00,1218316652598184.0
2022-06-11 00:00:00,1218316652598184.0
2022-06-12 00:00:00,1218316652598184.0
2022-06-13 00:00:00,1218316652598184.0
2022-06-14 00:00:00,1218316652598184.0
2022-06-15 00:00:00,1218316652598184.0
2022-06-16 00:00:00,1218316652598184.0
2022-06-17 00:00:00,1218316652598184.0
2022-06-18 00:00:00,1218316652598184.0
2022-06-19 00:00:00,1218316652598184.0
2022-06-20 00:00:00,1218316652598184.0
2022-06-21 00:00:00,1218316652598184.0
2022-06-22 00:00:00,1218316652598184.0
2022-06-23 00:00:00,1218316652598184.0
2022-06-24 00:00:00,1218316652598184.0
2022-06-25 00:00:00,1218316652598184.0
2022-06-26 00:00:00,1218316652598184.0
2022-06-27 00:00:00,1218316652598184.0
2022-06-28 00:00:00,1218316652598184.0
2022-06-29 00:00:00,1220678175169376.0
2022-06-30 00:00:00,1220678175169376.0
2022-07-01 00:00:00,1220678175169376.0
2022-07-02 00:00:00,1220678175169376.0
2022-07-03 00:00:00,1220678175169376.0
2022-07-04 00:00:00,1220678175169376.0
2022-07-05 00:00:00,1220678175169376.0
2022-07-06 00:00:00,1220678175169376.0
2022-07-07 00:00:00,1220678175169376.0
2022-07-08 00:00:00,1220678175169376.0
2022-07-09 00:00:00,1220678175169376.0
2022-07-10 00:00:00,1220678175169376.0
2022-07-11 00:00:00,1220678175169376.0
2022-07-12 00:00:00,1220678175169376.0
2022-07-13 00:00:00,1220678175169376.0
2022-07-14 00:00:00,1220678175169376.0
2022-07-15 00:00:00,1220678175169376.0
2022-07-16 00:00:00,1220678175169376.0
2022-07-17 00:00:00,1220678175169376.0
2022-07-18 00:00:00,1220678175169376.0
2022-07-19 00:00:00,1220985504129236.0
2022-07-20 00:00:00,1220985504129236.0
2022-07-21 00:00:00,1227283026611396.0
2022-07-22 00:00:00,1230334902905252.0
2022-07-23 00:00:00,1230334902905252.0
2022-07-24 00:00:00,1230334902905252.0
2022-07-25 00:00:00,1230334902905252.0
2022-07-26 00:00:00,1230334902905252.0
2022-07-27 00:00:00,1230334902905252.0
2022-07-28 00:00:00,1230334902905252.0
2022-07-29 00:00:00,1230334902905252.0
2022-07-30 00:00:00,1230334902905252.0
2022-07-31 00:00:00,1230334902905252.0
2022-08-01 00:00:00,1230334902905252.0
2022-08-02 00:00:00,1230334902905252.0
2022-08-03 00:00:00,1579604853370914.0
2022-08-04 00:00:00,1579604853370914.0
2022-08-05 00:00:00,1579604853370914.0
2022-08-06 00:00:00,1579604853370914.0
2022-08-07 00:00:00,1579604853370914.0
2022-08-08 00:00:00,1579604853370914.0
2022-08-09 00:00:00,1579604853370914.0
2022-08-10 00:00:00,1579604853370914.0
2022-08-11 00:00:00,1579604853370914.0
2022-08-12 00:00:00,1579604853370914.0
2022-08-13 00:00:00,1579604853370914.0
2022-08-14 00:00:00,1579604853370914.0
2022-08-15 00:00:00,1579604853370914.0
2022-08-16 00:00:00,1579604853370914.0
2022-08-17 00:00:00,1579604853370914.0
2022-08-18 00:00:00,1579604853370914.0
2022-08-19 00:00:00,1579604853370914.0
2022-08-20 00:00:00,1579604853370914.0
2022-08-21 00:00:00,1579604853370914.0
2022-08-22 00:00:00,1579604853370914.0
2022-08-23 00:00:00,1579604853370914.0
2022-08-24 00:00:00,1579604853370914.0
2022-08-25 00:00:00,1579604853370914.0
2022-08-26 00:00:00,1579604853370914.0
2022-08-27 00:00:00,1579604853370914.0
2022-08-28 00:00:00,1579604853370914.0
2022-08-29 00:00:00,1579604853370914.0
2022-08-30 00:00:00,1579604853370914.0
2022-08-31 00:00:00,1579604853370914.0
2022-09-01 00:00:00,1579604853370914.0
2022-09-02 00:00:00,1579604853370914.0
2022-09-03 00:00:00,1579604853370914.0
2022-09-04 00:00:00,1579604853370914.0
2022-09-05 00:00:00,1579604853370914.0
2022-09-06 00:00:00,1579604853370914.0
2022-09-07 00:00:00,1579604853370914.0
2022-09-08 00:00:00,1579604853370914.0
2022-09-09 00:00:00,1579604853370914.0
2022-09-10 00:00:00,1579604853370914.0
2022-09-11 00:00:00,1579604853370914.0
2022-09-12 00:00:00,1579604853370914.0
2022-09-13 00:00:00,1579604853370914.0
2022-09-14 00:00:00,1579604853370914.0
2022-09-15 00:00:00,1579604853370914.0
2022-09-16 00:00:00,1579806490548241.0
2022-09-17 00:00:00,1579806490548241.0
2022-09-18 00:00:00,1579806490548241.0
2022-09-19 00:00:00,1579806490548241.0
2022-09-20 00:00:00,1580978404994412.0
2022-09-21 00:00:00,1580978404994412.0
2022-09-22 00:00:00,1580978457449752.0
2022-09-23 00:00:00,1580978457449752.0
2022-09-24 00:00:00,1580978457449752.0
2022-09-25 00:00:00,1580978457449752.0
2022-09-26 00:00:00,1580978457449752.0
2022-09-27 00:00:00,1580978457449752.0
2022-09-28 00:00:00,1580978457449752.0
2022-09-29 00:00:00,1580978457449752.0
2022-09-30 00:00:00,1580978457449752.0
2022-10-01 00:00:00,1580978457449752.0
2022-10-02 00:00:00,1580978457449752.0
2022-10-03 00:00:00,1580978457449752.0
2022-10-04 00:00:00,1580978457449752.0
2022-10-05 00:00:00,1580978457449752.0
2022-10-06 00:00:00,1580978457449752.0
2022-10-07 00:00:00,1580978457449752.0
2022-10-08 00:00:00,1580978457449752.0
2022-10-09 00:00:00,1580978457449752.0
2022-10-10 00:00:00,1580978457449752.0
2022-10-11 00:00:00,1580978457449752.0
2022-10-12 00:00:00,1580978457449752.0
2022-10-13 00:00:00,1580978457449752.0
2022-10-14 00:00:00,1580978457449752.0
2022-10-15 00:00:00,1580978457449752.0
2022-10-16 00:00:00,1580978457449752.0
2022-10-17 00:00:00,1580978457449752.0
2022-10-18 00:00:00,1580978457449752.0
2022-10-19 00:00:00,1580978457449752.0
2022-10-20 00:00:00,1580978457449752.0
2022-10-21 00:00:00,1580978457449752.0
2022-10-22 00:00:00,1580978457449752.0
2022-10-23 00:00:00,1580978457449752.0
2022-10-24 00:00:00,1580978457449752.0
2022-10-25 00:00:00,1580978457449752.0
2022-10-26 00:00:00,1580978457449752.0
2022-10-27 00:00:00,1580978457449752.0
2022-10-28 00:00:00,1580978457449752.0
2022-10-29 00:00:00,1580978457449752.0
2022-10-30 00:00:00,1580978457449752.0
2022-10-31 00:00:00,1580978457449752.0
2022-11-01 00:00:00,1580978457449752.0
2022-11-02 00:00:00,1580978457449752.0
2022-11-03 00:00:00,1700045361067231.0
2022-11-04 00:00:00,1700045361067231.0
2022-11-05 00:00:00,1700045361067231.0
2022-11-06 00:00:00,1700045361067231.0
2022-11-07 00:00:00,1700045361067231.0
2022-11-08 00:00:00,1700045361067231.0
2022-11-09 00:00:00,1700045361067231.0
2022-11-10 00:00:00,1700045361067231.0
2022-11-11 00:00:00,1700045361067231.0
2022-11-12 00:00:00,1700045361067231.0
2022-11-13 00:00:00,1700045361067231.0
2022-11-14 00:00:00,1700045361067231.0
2022-11-15 00:00:00,1700045361067231.0
2022-11-16 00:00:00,1700045361067231.0
2022-11-17 00:00:00,1700045361067231.0
2022-11-18 00:00:00,1700045361067231.0
2022-11-19 00:00:00,1700045361067231.0
2022-11-20 00:00:00,1700045361067231.0
2022-11-21 00:00:00,1700045361067231.0
2022-11-22 00:00:00,1744339593615868.0
2022-11-23 00:00:00,1744339593615868.0
2022-11-24 00:00:00,1744339593615868.0
2022-11-25 00:00:00,1744339593615868.0
2022-11-26 00:00:00,1744339593615868.0
2022-11-27 00:00:00,1744339593615868.0
2022-11-28 00:00:00,1744339593615868.0
2022-11-29 00:00:00,1744339593615868.0
2022-11-30 00:00:00,1744339593615868.0
2022-12-01 00:00:00,1744339593615868.0
2022-12-02 00:00:00,1744339593615868.0
2022-12-03 00:00:00,1744339593615868.0
2022-12-04 00:00:00,1744339593615868.0
2022-12-05 00:00:00,1744339593615868.0
2022-12-06 00:00:00,1744339593615868.0
2022-12-07 00:00:00,1744339593615868.0
2022-12-08 00:00:00,1744339593615868.0
2022-12-09 00:00:00,1744339593615868.0
2022-12-10 00:00:00,1744339593615868.0
2022-12-11 00:00:00,1744339593615868.0
2022-12-12 00:00:00,1744339593615868.0
2022-12-13 00:00:00,1744339593615868.0
2022-12-14 00:00:00,1744339593615868.0
2022-12-15 00:00:00,1744339593615868.0
2022-12-16 00:00:00,1744339593615868.0
2022-12-17 00:00:00,1744339593615868.0
2022-12-18 00:00:00,1744339593615868.0
2022-12-19 00:00:00,1744339593615868.0
2022-12-20 00:00:00,1744339593615868.0
2022-12-21 00:00:00,1744339593615868.0
2022-12-22 00:00:00,1744339593615868.0
2022-12-23 00:00:00,1744339593615868.0
2022-12-24 00:00:00,1744339593615868.0
2022-12-25 00:00:00,1744339593615868.0
2022-12-26 00:00:00,1744339593615868.0
2022-12-27 00:00:00,1744339593615868.0
2022-12-28 00:00:00,1744339593615868.0
2022-12-29 00:00:00,1744339593615868.0
2022-12-30 00:00:00,1744339593615868.0
2022-12-31 00:00:00,1744339593615868.0
2023-01-01 00:00:00,1744339593615868.0
2023-01-02 00:00:00,1744339593615868.0
2023-01-03 00:00:00,1744339593615868.0
2023-01-04 00:00:00,1744339593615868.0
2023-01-05 00:00:00,1744339593615868.0
2023-01-06 00:00:00,1744339593615868.0
2023-01-07 00:00:00,1744339593615868.0
2023-01-08 00:00:00,1744339593615868.0
2023-01-09 00:00:00,1744339593615868.0
2023-01-10 00:00:00,1744339593615868.0
2023-01-11 00:00:00,1744339593615868.0
2023-01-12 00:00:00,1744339593615868.0
2023-01-13 00:00:00,1744339593615868.0
2023-01-14 00:00:00,1744339593615868.0
2023-01-15 00:00:00,1744339593615868.0
2023-01-16 00:00:00,1744339593615868.0
2023-01-17 00:00:00,1744339593615868.0
2023-01-18 00:00:00,1744339593615868.0
2023-01-19 00:00:00,1744339593615868.0
2023-01-20 00:00:00,1744339593615868.0
2023-01-21 00:00:00,1744339593615868.0
2023-01-22 00:00:00,1744339593615868.0
2023-01-23 00:00:00,1744339593615868.0
2023-01-24 00:00:00,1744339593615868.0
2023-01-25 00:00:00,1744339593615868.0
2023-01-26 00:00:00,1744339593615868.0
2023-01-27 00:00:00,1744339593615868.0
2023-01-28 00:00:00,1744339593615868.0
2023-01-29 00:00:00,1744339593615868.0
2023-01-30 00:00:00,1744339593615868.0
2023-01-31 00:00:00,1744339593615868.0
2023-02-01 00:00:00,1744339593615868.0
2023-02-02 00:00:00,1744339593615868.0
2023-02-03 00:00:00,1744339593615868.0
2023-02-04 00:00:00,1744339593615868.0
2023-02-05 00:00:00,1744339593615868.0
2023-02-06 00:00:00,1744339593615868.0
2023-02-07 00:00:00,1744339593615868.0
2023-02-08 00:00:00,1744339593615868.0
2023-02-09 00:00:00,1744339593615868.0
2023-02-10 00:00:00,1744339593615868.0
2023-02-11 00:00:00,1744339593615868.0
2023-02-12 00:00:00,1744339593615868.0
2023-02-13 00:00:00,1744339593615868.0
2023-02-14 00:00:00,1744339593615868.0
2023-02-15 00:00:00,1744339593615868.0
2023-02-16 00:00:00,1744339593615868.0
2023-02-17 00:00:00,1744339593615868.0
2023-02-18 00:00:00,1744339593615868.0
2023-02-19 00:00:00,1744339593615868.0
2023-02-20 00:00:00,1744339593615868.0
2023-02-21 00:00:00,1744339593615868.0
2023-02-22 00:00:00,1744339593615868.0
2023-02-23 00:00:00,1744339593615868.0
2023-02-24 00:00:00,1744339593615868.0
2023-02-25 00:00:00,1744339593615868.0
2023-02-26 00:00:00,1744339593615868.0
2023-02-27 00:00:00,1744339593615868.0
2023-02-28 00:00:00,1744339593615868.0
2023-03-01 00:00:00,1744339593615868.0
2023-03-02 00:00:00,1744339593615868.0
2023-03-03 00:00:00,1744339593615868.0
2023-03-04 00:00:00,1744339593615868.0
2023-03-05 00:00:00,1744339593615868.0
2023-03-06 00:00:00,1744339593615868.0
2023-03-07 00:00:00,1744339593615868.0
2023-03-08 00:00:00,1744339593615868.0
2023-03-09 00:00:00,1744339593615868.0
2023-03-10 00:00:00,1744339593615868.0
2023-03-11 00:00:00,1744339593615868.0
2023-03-12 00:00:00,1744339593615868.0
2023-03-13 00:00:00,1744339593615868.0
2023-03-14 00:00:00,1748195639545207.0
2023-03-15 00:00:00,1748195639545207.0
2023-03-16 00:00:00,1748195639545207.0
2023-03-17 00:00:00,1748195639545207.0
2023-03-18 00:00:00,1748195639545207.0
2023-03-19 00:00:00,1748195639545207.0
2023-03-20 00:00:00,1749778772614777.0
2023-03-21 00:00:00,1749778772614777.0
2023-03-22 00:00:00,1749778772614777.0
2023-03-23 00:00:00,1749778772614777.0
2023-03-24 00:00:00,1749778772614777.0
2023-03-25 00:00:00,1749778772614777.0
2023-03-26 00:00:00,1749778772614777.0
2023-03-27 00:00:00,1749778772614777.0
2023-03-28 00:00:00,1749778772614777.0
2023-03-29 00:00:00,1749778772614777.0
2023-03-30 00:00:00,1749778772614777.0
2023-03-31 00:00:00,1749778772614777.0
2023-04-01 00:00:00,1749778772614777.0
2023-04-02 00:00:00,1749778772614777.0
2023-04-03 00:00:00,1749778772614777.0
2023-04-04 00:00:00,1749778772614777.0
2023-04-05 00:00:00,1749778772614777.0
2023-04-06 00:00:00,1749778772614777.0
2023-04-07 00:00:00,1749778772614777.0
2023-04-08 00:00:00,1749778772614777.0
2023-04-09 00:00:00,1749778772614777.0
2023-04-10 00:00:00,1749778772614777.0
2023-04-11 00:00:00,1749778772614777.0
2023-04-12 00:00:00,1749778772614777.0
2023-04-13 00:00:00,1749778772614777.0
2023-04-14 00:00:00,1749778772614777.0
2023-04-15 00:00:00,1749778772614777.0
2023-04-16 00:00:00,1749778772614777.0
2023-04-17 00:00:00,1749778772614777.0
2023-04-18 00:00:00,1749778772614777.0
2023-04-19 00:00:00,1749778772614777.0
2023-04-20 00:00:00,1749778772614777.0
2023-04-21 00:00:00,1749778772614777.0
2023-04-22 00:00:00,1749778772614777.0
2023-04-23 00:00:00,1749778772614777.0
2023-04-24 00:00:00,1749778772614777.0
2023-04-25 00:00:00,1749778772614777.0
2023-04-26 00:00:00,1749778772614777.0
2023-04-27 00:00:00,1749778772614777.0
2023-04-28 00:00:00,1749778772614777.0
2023-04-29 00:00:00,1749778772614777.0
2023-04-30 00:00:00,1749778772614777.0
2023-05-01 00:00:00,1749778772614777.0
2023-05-02 00:00:00,1749778772614777.0
2023-05-03 00:00:00,1749778772614777.0
2023-05-04 00:00:00,1749778772614777.0
2023-05-05 00:00:00,1749778772614777.0
2023-05-06 00:00:00,1749778772614777.0
2023-05-07 00:00:00,1749778772614777.0
2023-05-08 00:00:00,1749778772614777.0
2023-05-09 00:00:00,1749778772614777.0
2023-05-10 00:00:00,1749778772614777.0
2023-05-11 00:00:00,1749778772614777.0
2023-05-12 00:00:00,1749778772614777.0
2023-05-13 00:00:00,1749778772614777.0
2023-05-14 00:00:00,1749778772614777.0
2023-05-15 00:00:00,1749778772614777.0
2023-05-16 00:00:00,1749778772614777.0
2023-05-17 00:00:00,1749778772614777.0
2023-05-18 00:00:00,1749778772614777.0
2023-05-19 00:00:00,1749778772614777.0
2023-05-20 00:00:00,1749778772614777.0
2023-05-21 00:00:00,1749778772614777.0
2023-05-22 00:00:00,1749778772614777.0
2023-05-23 00:00:00,1749778772614777.0
2023-05-24 00:00:00,1749778772614777.0
2023-05-25 00:00:00,1749778772614777.0
2023-05-26 00:00:00,1749778772614777.0
2023-05-27 00:00:00,1749778772614777.0
2023-05-28 00:00:00,1749778772614777.0
2023-05-29 00:00:00,1749778772614777.0
2023-05-30 00:00:00,1749778772614777.0
2023-05-31 00:00:00,1749778772614777.0
2023-06-01 00:00:00,1749778772614777.0
2023-06-02 00:00:00,1749778772614777.0
2023-06-03 00:00:00,1749778772614777.0
2023-06-04 00:00:00,1749778772614777.0
2023-06-05 00:00:00,1749778772614777.0
2023-06-06 00:00:00,1749778772614777.0
2023-06-07 00:00:00,1749778772614777.0
2023-06-08 00:00:00,1749778772614777.0
2023-06-09 00:00:00,1749778772614777.0
2023-06-10 00:00:00,1749778772614777.0
2023-06-11 00:00:00,1749778772614777.0
2023-06-12 00:00:00,1749778772614777.0
2023-06-13 00:00:00,1749778772614777.0
2023-06-14 00:00:00,1749778772614777.0
2023-06-15 00:00:00,1749778772614777.0
2023-06-16 00:00:00,1749778772614777.0
2023-06-17 00:00:00,1749778772614777.0
2023-06-18 00:00:00,1749778772614777.0
2023-06-19 00:00:00,1749778772614777.0
2023-06-20 00:00:00,1749778772614777.0
2023-06-21 00:00:00,1749778772614777.0
2023-06-22 00:00:00,1749778772614777.0
2023-06-23 00:00:00,1749778772614777.0
2023-06-24 00:00:00,1749778772614777.0
2023-06-25 00:00:00,1749778772614777.0
2023-06-26 00:00:00,1749778772614777.0
2023-06-27 00:00:00,1749778772614777.0
2023-06-28 00:00:00,1749778772614777.0
2023-06-29 00:00:00,1749778772614777.0
2023-06-30 00:00:00,1749778772614777.0
2023-07-01 00:00:00,1749778772614777.0
2023-07-02 00:00:00,1749778772614777.0
2023-07-03 00:00:00,1749778772614777.0
2023-07-04 00:00:00,1749778772614777.0
2023-07-05 00:00:00,1749778772614777.0
2023-07-06 00:00:00,1749778772614777.0
2023-07-07 00:00:00,1749778772614777.0
2023-07-08 00:00:00,1749778772614777.0
2023-07-09 00:00:00,1749778772614777.0
2023-07-10 00:00:00,1749778772614777.0
2023-07-11 00:00:00,1749778772614777.0
2023-07-12 00:00:00,1749778772614777.0
2023-07-13 00:00:00,1749778772614777.0
2023-07-14 00:00:00,1749778772614777.0
2023-07-15 00:00:00,1749778772614777.0
2023-07-16 00:00:00,1749778772614777.0
2023-07-17 00:00:00,1749778772614777.0
2023-07-18 00:00:00,1749778772614777.0
2023-07-19 00:00:00,1749778772614777.0
2023-07-20 00:00:00,1749778772614777.0
2023-07-21 00:00:00,1749778772614777.0
2023-07-22 00:00:00,1749778772614777.0
2023-07-23 00:00:00,1749778772614777.0
2023-07-24 00:00:00,1749778772614777.0
2023-07-25 00:00:00,1749778772614777.0
2023-07-26 00:00:00,1749778772614777.0
2023-07-27 00:00:00,1749778772614777.0
2023-07-28 00:00:00,1749778772614777.0
2023-07-29 00:00:00,1749778772614777.0
2023-07-30 00:00:00,1749778772614777.0
2023-07-31 00:00:00,1749778772614777.0
2023-08-01 00:00:00,1749778772614777.0
2023-08-02 00:00:00,1749778772614777.0
2023-08-03 00:00:00,1749778772614777.0
2023-08-04 00:00:00,1749778772614777.0
2023-08-05 00:00:00,1749778772614777.0
2023-08-06 00:00:00,1749778772614777.0
2023-08-07 00:00:00,1749778772614777.0
2023-08-08 00:00:00,1749778772614777.0
2023-08-09 00:00:00,1749778772614777.0
2023-08-10 00:00:00,1749778772614777.0
2023-08-11 00:00:00,1749778772614777.0
2023-08-12 00:00:00,1749778772614777.0
2023-08-13 00:00:00,1749778772614777.0
2023-08-14 00:00:00,1749778772614777.0
2023-08-15 00:00:00,1749778772614777.0
2023-08-16 00:00:00,1749778772614777.0
2023-08-17 00:00:00,1749778772614777.0
2023-08-18 00:00:00,1749778772614777.0
2023-08-19 00:00:00,1749778772614777.0
2023-08-20 00:00:00,1749778772614777.0
2023-08-21 00:00:00,1749778772614777.0
2023-08-22 00:00:00,1749778772614777.0
2023-08-23 00:00:00,1749778772614777.0
2023-08-24 00:00:00,1749778772614777.0
2023-08-25 00:00:00,1749778772614777.0
2023-08-26 00:00:00,1749778772614777.0
2023-08-27 00:00:00,1749778772614777.0
2023-08-28 00:00:00,1749778772614777.0
2023-08-29 00:00:00,1749778772614777.0
2023-08-30 00:00:00,1749778772614777.0
2023-08-31 00:00:00,1749778772614777.0
2023-09-01 00:00:00,1749778772614777.0
2023-09-02 00:00:00,1749778772614777.0
2023-09-03 00:00:00,1749778772614777.0
2023-09-04 00:00:00,1749778772614777.0
2023-09-05 00:00:00,1749778772614777.0
2023-09-06 00:00:00,1749778772614777.0
2023-09-07 00:00:00,1749778772614777.0
2023-09-08 00:00:00,1749778772614777.0
2023-09-09 00:00:00,1749778772614777.0
2023-09-10 00:00:00,1749778772614777.0
2023-09-11 00:00:00,1749778772614777.0
2023-09-12 00:00:00,1749778772614777.0
2023-09-13 00:00:00,1749778772614777.0
2023-09-14 00:00:00,1749778772614777.0
2023-09-15 00:00:00,1749778772614777.0
2023-09-16 00:00:00,1749778772614777.0
2023-09-17 00:00:00,1749778772614777.0
2023-09-18 00:00:00,1749778772614777.0
2023-09-19 00:00:00,1749778772614777.0
2023-09-20 00:00:00,1749778772614777.0
2023-09-21 00:00:00,1749778772614777.0
2023-09-22 00:00:00,1749778772614777.0
2023-09-23 00:00:00,1749778772614777.0
2023-09-24 00:00:00,1749778772614777.0
2023-09-25 00:00:00,1749778772614777.0
2023-09-26 00:00:00,1749778772614777.0
2023-09-27 00:00:00,1749778772614777.0
2023-09-28 00:00:00,1749778772614777.0
2023-09-29 00:00:00,1749778772614777.0
2023-09-30 00:00:00,1749778772614777.0
2023-10-01 00:00:00,1749778772614777.0
2023-10-02 00:00:00,1749778772614777.0
2023-10-03 00:00:00,1749778772614777.0
2023-10-04 00:00:00,1749778772614777.0
2023-10-05 00:00:00,1749778772614777.0
2023-10-06 00:00:00,1749778772614777.0
2023-10-07 00:00:00,1749778772614777.0
2023-10-08 00:00:00,1749778772614777.0
2023-10-09 00:00:00,1749778772614777.0
2023-10-10 00:00:00,1749778772614777.0
2023-10-11 00:00:00,1749778772614777.0
2023-10-12 00:00:00,1749778772614777.0
2023-10-13 00:00:00,1749778772614777.0
2023-10-14 00:00:00,1749778772614777.0
2023-10-15 00:00:00,1749778772614777.0
2023-10-16 00:00:00,1749778772614777.0
2023-10-17 00:00:00,1749778772614777.0
2023-10-18 00:00:00,1749778772614777.0
2023-10-19 00:00:00,1749778772614777.0
2023-10-20 00:00:00,1749778772614777.0
2023-10-21 00:00:00,1749778772614777.0
2023-10-22 00:00:00,1749778772614777.0
2023-10-23 00:00:00,1749778772614777.0
2023-10-24 00:00:00,1749778772614777.0
2023-10-25 00:00:00,1749778772614777.0
2023-10-26 00:00:00,1749778772614777.0
2023-10-27 00:00:00,1749778772614777.0
2023-10-28 00:00:00,1749778772614777.0
2023-10-29 00:00:00,1749778772614777.0
2023-10-30 00:00:00,1749778772614777.0
2023-10-31 00:00:00,1749778772614777.0
2023-11-01 00:00:00,1749778772614777.0
2023-11-02 00:00:00,1749778772614777.0
2023-11-03 00:00:00,1749778772614777.0
2023-11-04 00:00:00,1749778772614777.0
2023-11-05 00:00:00,1749778772614777.0
2023-11-06 00:00:00,1749778772614777.0
2023-11-07 00:00:00,1749778772614777.0
2023-11-08 00:00:00,1749778772614777.0
2023-11-09 00:00:00,1749778772614777.0
2023-11-10 00:00:00,1749778772614777.0
2023-11-11 00:00:00,1749778772614777.0
2023-11-12 00:00:00,1749778772614777.0
2023-11-13 00:00:00,1749778772614777.0
2023-11-14 00:00:00,1749778772614777.0
2023-11-15 00:00:00,1749778772614777.0
2023-11-16 00:00:00,1749778772614777.0
2023-11-17 00:00:00,1749778772614777.0
2023-11-18 00:00:00,1749778772614777.0
2023-11-19 00:00:00,1749778772614777.0
2023-11-20 00:00:00,1749778772614777.0
2023-11-21 00:00:00,1749778772614777.0
2023-11-22 00:00:00,1749778772614777.0
2023-11-23 00:00:00,1749778772614777.0
2023-11-24 00:00:00,1749778772614777.0
2023-11-25 00:00:00,1749778772614777.0
2023-11-26 00:00:00,1749778772614777.0
2023-11-27 00:00:00,1749778772614777.0
2023-11-28 00:00:00,1749778772614777.0
2023-11-29 00:00:00,1749778772614777.0
2023-11-30 00:00:00,1749778772614777.0
2023-12-01 00:00:00,1749778772614777.0
2023-12-02 00:00:00,1749778772614777.0
2023-12-03 00:00:00,1749778772614777.0
2023-12-04 00:00:00,1749778772614777.0
2023-12-05 00:00:00,1749778772614777.0
2023-12-06 00:00:00,1749778772614777.0
2023-12-07 00:00:00,1749778772614777.0
2023-12-08 00:00:00,1749778772614777.0
2023-12-09 00:00:00,1749778772614777.0
2023-12-10 00:00:00,1749778772614777.0
2023-12-11 00:00:00,1749778772614777.0
2023-12-12 00:00:00,1749778772614777.0
2023-12-13 00:00:00,1749778772614777.0
2023-12-14 00:00:00,1749778772614777.0
2023-12-15 00:00:00,1749778772614777.0
2023-12-16 00:00:00,1749778772614777.0
2023-12-17 00:00:00,1749778772614777.0
2023-12-18 00:00:00,1749778772614777.0
2023-12-19 00:00:00,1749778772614777.0
2023-12-20 00:00:00,1749778772614777.0
2023-12-21 00:00:00,1749778772614777.0
2023-12-22 00:00:00,1749778772614777.0
2023-12-23 00:00:00,1749778772614777.0
2023-12-24 00:00:00,1749778772614777.0
2023-12-25 00:00:00,1749778772614777.0
2023-12-26 00:00:00,1749778772614777.0
2023-12-27 00:00:00,1749778772614777.0
2023-12-28 00:00:00,1749778772614777.0
2023-12-29 00:00:00,1749778772614777.0
2023-12-30 00:00:00,1749778772614777.0
2023-12-31 00:00:00,1749778772614777.0
2024-01-01 00:00:00,1749778772614777.0
2024-01-02 00:00:00,1749778772614777.0
2024-01-03 00:00:00,1749778772614777.0
2024-01-04 00:00:00,1749778772614777.0
2024-01-05 00:00:00,1749778772614777.0
2024-01-06 00:00:00,1749778772614777.0
2024-01-07 00:00:00,1749778772614777.0
2024-01-08 00:00:00,1749778772614777.0
2024-01-09 00:00:00,1749778772614777.0
2024-01-10 00:00:00,1749778772614777.0
2024-01-11 00:00:00,1749778772614777.0
2024-01-12 00:00:00,1749778772614777.0
2024-01-13 00:00:00,1749778772614777.0
2024-01-14 00:00:00,1749778772614777.0
2024-01-15 00:00:00,1749778772614777.0
2024-01-16 00:00:00,1749778772614777.0
2024-01-17 00:00:00,1749778772614777.0
2024-01-18 00:00:00,1749778772614777.0
2024-01-19 00:00:00,1749778772614777.0
2024-01-20 00:00:00,1749778772614777.0
2024-01-21 00:00:00,1749778772614777.0
2024-01-22 00:00:00,1749778772614777.0
2024-01-23 00:00:00,1749778772614777.0
2024-01-24 00:00:00,1749778772614777.0
2024-01-25 00:00:00,1749778772614777.0
2024-01-26 00:00:00,1749778772614777.0
2024-01-27 00:00:00,1749778772614777.0
2024-01-28 00:00:00,1749778772614777.0
2024-01-29 00:00:00,1749778772614777.0
2024-01-30 00:00:00,1749778772614777.0
2024-01-31 00:00:00,1749778772614777.0
2024-02-01 00:00:00,1749778772614777.0
2024-02-02 00:00:00,1749778772614777.0
2024-02-03 00:00:00,1749778772614777.0
2024-02-04 00:00:00,1749778772614777.0
2024-02-05 00:00:00,1749778772614777.0
2024-02-06 00:00:00,1749778772614777.0
2024-02-07 00:00:00,1749778772614777.0
2024-02-08 00:00:00,1749778772614777.0
2024-02-09 00:00:00,1749778772614777.0
2024-02-10 00:00:00,1749778772614777.0
2024-02-11 00:00:00,1749778772614777.0
2024-02-12 00:00:00,1749778772614777.0
2024-02-13 00:00:00,1749778772614777.0
2024-02-14 00:00:00,1749778772614777.0
2024-02-15 00:00:00,1749778772614777.0
2024-02-16 00:00:00,1749778772614777.0
2024-02-17 00:00:00,1749778772614777.0
2024-02-18 00:00:00,1749778772614777.0
2024-02-19 00:00:00,1749778772614777.0
2024-02-20 00:00:00,1749778772614777.0
2024-02-21 00:00:00,1749778772614777.0
2024-02-22 00:00:00,1749778772614777.0
2024-02-23 00:00:00,1749778772614777.0
2024-02-24 00:00:00,1749778772614777.0
2024-02-25 00:00:00,1749778772614777.0
2024-02-26 00:00:00,1749778772614777.0
2024-02-27 00:00:00,1749778772614777.0
2024-02-28 00:00:00,1749778772614777.0
2024-02-29 00:00:00,1749778772614777.0
2024-03-01 00:00:00,1749778772614777.0
2024-03-02 00:00:00,1749778772614777.0
2024-03-03 00:00:00,1749778772614777.0
2024-03-04 00:00:00,1749778772614777.0
2024-03-05 00:00:00,1749778772614777.0
2024-03-06 00:00:00,1749778772614777.0
2024-03-07 00:00:00,1749778772614777.0
2024-03-08 00:00:00,1749778772614777.0
2024-03-09 00:00:00,1749778772614777.0
2024-03-10 00:00:00,1749778772614777.0
2024-03-11 00:00:00,1749778772614777.0
2024-03-12 00:00:00,1749778772614777.0
2024-03-13 00:00:00,1749778772614777.0
2024-03-14 00:00:00,1749778772614777.0
2024-03-15 00:00:00,1749778772614777.0
2024-03-16 00:00:00,1749778772614777.0
2024-03-17 00:00:00,1749778772614777.0
2024-03-18 00:00:00,1749778772614777.0
2024-03-19 00:00:00,1749778772614777.0
2024-03-20 00:00:00,1749778772614777.0
2024-03-21 00:00:00,1749778772614777.0
2024-03-22 00:00:00,1749778772614777.0
2024-03-23 00:00:00,1749778772614777.0
2024-03-24 00:00:00,1749778772614777.0
2024-03-25 00:00:00,1749895101378713.0
2024-03-26 00:00:00,1749895101378713.0
2024-03-27 00:00:00,1749895101378713.0
2024-03-28 00:00:00,1749895101378713.0
2024-03-29 00:00:00,1749895101378713.0
2024-03-30 00:00:00,1749895101378713.0
2024-03-31 00:00:00,1749895101378713.0
2024-04-01 00:00:00,1749895101378713.0
2024-04-02 00:00:00,1749895101378713.0
2024-04-03 00:00:00,1749895101378713.0
2024-04-04 00:00:00,1749895101378713.0
2024-04-05 00:00:00,1749895101378713.0
2024-04-06 00:00:00,1749895101378713.0
2024-04-07 00:00:00,1749895101378713.0
2024-04-08 00:00:00,1749895101378713.0
2024-04-09 00:00:00,1749895101378713.0
2024-04-10 00:00:00,1749895101378713.0
2024-04-11 00:00:00,1749895101378713.0
2024-04-12 00:00:00,1749895101378713.0
2024-04-13 00:00:00,1749895101378713.0
2024-04-14 00:00:00,1749895101378713.0
2024-04-15 00:00:00,1749895101378713.0
2024-04-16 00:00:00,1749895101378713.0
2024-04-17 00:00:00,1749895101378713.0
2024-04-18 00:00:00,1749895101378713.0
2024-04-19 00:00:00,1749895101378713.0
2024-04-20 00:00:00,1749895101378713.0
2024-04-21 00:00:00,1749895101378713.0
2024-04-22 00:00:00,1749895101378713.0
2024-04-23 00:00:00,1749895101378713.0
2024-04-24 00:00:00,1749895101378713.0
2024-04-25 00:00:00,1749895101378713.0
2024-04-26 00:00:00,1749895101378713.0
2024-04-27 00:00:00,1749895101378713.0
2024-04-28 00:00:00,1749895101378713.0
2024-04-29 00:00:00,1749895101378713.0
2024-04-30 00:00:00,1749895101378713.0
2024-05-01 00:00:00,1749895101378713.0
2024-05-02 00:00:00,1749895101378713.0
2024-05-03 00:00:00,1749895101378713.0
2024-05-04 00:00:00,1749895101378713.0
2024-05-05 00:00:00,1749895101378713.0
2024-05-06 00:00:00,1749895101378713.0
2024-05-07 00:00:00,1749895101378713.0
2024-05-08 00:00:00,1749895101378713.0
2024-05-09 00:00:00,1749895101378713.0
2024-05-10 00:00:00,1749895101378713.0
2024-05-11 00:00:00,1749895101378713.0
2024-05-12 00:00:00,1749895101378713.0
2024-05-13 00:00:00,1749895101378713.0
2024-05-14 00:00:00,1749895101378713.0
2024-05-15 00:00:00,1749895101378713.0
2024-05-16 00:00:00,1749895101378713.0
2024-05-17 00:00:00,1749895101378713.0
2024-05-18 00:00:00,1749895101378713.0
2024-05-19 00:00:00,1749895101378713.0
2024-05-20 00:00:00,1749895101378713.0
2024-05-21 00:00:00,1749895101378713.0
2024-05-22 00:00:00,1749895101378713.0
2024-05-23 00:00:00,1749895101378713.0
2024-05-24 00:00:00,1749895101378713.0
2024-05-25 00:00:00,1749895101378713.0
2024-05-26 00:00:00,1749895101378713.0
2024-05-27 00:00:00,1749895101378713.0
2024-05-28 00:00:00,1749895101378713.0
2024-05-29 00:00:00,1749895101378713.0
2024-05-30 00:00:00,1749895101378713.0
2024-05-31 00:00:00,1749895101378713.0
2024-06-01 00:00:00,1749895101378713.0
2024-06-02 00:00:00,1749895101378713.0
2024-06-03 00:00:00,1749895101378713.0
2024-06-04 00:00:00,1749895101378713.0
2024-06-05 00:00:00,1749895101378713.0
2024-06-06 00:00:00,1749895101378713.0
2024-06-07 00:00:00,1749895101378713.0
2024-06-08 00:00:00,1749895101378713.0
2024-06-09 00:00:00,1749895101378713.0
2024-06-10 00:00:00,1749895101378713.0
2024-06-11 00:00:00,1749895101378713.0
2024-06-12 00:00:00,1749895101378713.0
2024-06-13 00:00:00,1749895101378713.0
2024-06-14 00:00:00,1749895101378713.0
2024-06-15 00:00:00,1749895101378713.0
2024-06-16 00:00:00,1749895101378713.0
2024-06-17 00:00:00,1749895101378713.0
2024-06-18 00:00:00,1749895101378713.0
2024-06-19 00:00:00,1749895101378713.0
2024-06-20 00:00:00,1749895101378713.0
2024-06-21 00:00:00,1749895101378713.0
2024-06-22 00:00:00,1749895101378713.0
2024-06-23 00:00:00,1749895101378713.0
2024-06-24 00:00:00,1749895101378713.0
2024-06-25 00:00:00,1749895101378713.0
2024-06-26 00:00:00,1749895101378713.0
2024-06-27 00:00:00,1749895101378713.0
2024-06-28 00:00:00,1749895101378713.0
2024-06-29 00:00:00,1749895101378713.0
2024-06-30 00:00:00,1749895101378713.0
2024-07-01 00:00:00,1749895101378713.0
2024-07-02 00:00:00,1749895101378713.0
2024-07-03 00:00:00,1749895101378713.0
2024-07-04 00:00:00,1749895101378713.0
2024-07-05 00:00:00,1749895101378713.0
2024-07-06 00:00:00,1749895101378713.0
2024-07-07 00:00:00,1749895101378713.0
2024-07-08 00:00:00,1749895101378713.0
2024-07-09 00:00:00,1749895101378713.0
2024-07-10 00:00:00,1749895101378713.0
2024-07-11 00:00:00,1749895101378713.0
2024-07-12 00:00:00,1749895101378713.0
2024-07-13 00:00:00,1749895101378713.0
2024-07-14 00:00:00,1749895101378713.0
2024-07-15 00:00:00,1749895101378713.0
2024-07-16 00:00:00,1749895101378713.0
2024-07-17 00:00:00,1749895101378713.0
2024-07-18 00:00:00,1749895101378713.0
2024-07-19 00:00:00,1749895101378713.0
2024-07-20 00:00:00,1749895101378713.0
2024-07-21 00:00:00,1749895101378713.0
2024-07-22 00:00:00,1749895101378713.0
2024-07-23 00:00:00,1749895101378713.0
2024-07-24 00:00:00,1749895101378713.0
2024-07-25 00:00:00,1749895101378713.0
2024-07-26 00:00:00,1749895101378713.0
2024-07-27 00:00:00,1749895101378713.0
2024-07-28 00:00:00,1749895101378713.0
2024-07-29 00:00:00,1749895101378713.0
2024-07-30 00:00:00,1749895101378713.0
2024-07-31 00:00:00,1749895101378713.0
2024-08-01 00:00:00,1749895101378713.0
2024-08-02 00:00:00,1749895101378713.0
2024-08-03 00:00:00,1749895101378713.0
2024-08-04 00:00:00,1749895101378713.0
2024-08-05 00:00:00,1749895101378713.0
2024-08-06 00:00:00,1749895101378713.0
2024-08-07 00:00:00,1749895101378713.0
2024-08-08 00:00:00,1749895101378713.0
2024-08-09 00:00:00,1749895101378713.0
2024-08-10 00:00:00,1749895101378713.0
2024-08-11 00:00:00,1749895101378713.0
2024-08-12 00:00:00,1749895101378713.0
2024-08-13 00:00:00,1749895101378713.0
2024-08-14 00:00:00,1749895101378713.0
2024-08-15 00:00:00,1749895101378713.0
2024-08-16 00:00:00,1749895101378713.0
2024-08-17 00:00:00,1749895101378713.0
2024-08-18 00:00:00,1749895101378713.0
2024-08-19 00:00:00,1749895101378713.0
2024-08-20 00:00:00,1749895101378713.0
2024-08-21 00:00:00,1749895101378713.0
2024-08-22 00:00:00,1750460847621194.0
2024-08-23 00:00:00,1750460847621194.0
2024-08-24 00:00:00,1750460847621194.0
2024-08-25 00:00:00,1750460847621194.0
2024-08-26 00:00:00,1750460847621194.0
2024-08-27 00:00:00,1750460847621194.0
2024-08-28 00:00:00,1750460847621194.0
2024-08-29 00:00:00,1750460847621194.0
2024-08-30 00:00:00,1750460847621194.0
2024-08-31 00:00:00,1750460847621194.0
2024-09-01 00:00:00,1750460847621194.0
2024-09-02 00:00:00,1750460847621194.0
2024-09-03 00:00:00,1750460847621194.0
2024-09-04 00:00:00,1750460847621194.0
2024-09-05 00:00:00,1750460847621194.0
2024-09-06 00:00:00,1750460847621194.0
2024-09-07 00:00:00,1750460847621194.0
2024-09-08 00:00:00,1750460847621194.0
2024-09-09 00:00:00,1750460847621194.0
2024-09-10 00:00:00,1750460847621194.0
2024-09-11 00:00:00,1750460847621194.0
2024-09-12 00:00:00,1750460847621194.0
2024-09-13 00:00:00,1750460847621194.0
2024-09-14 00:00:00,1750460847621194.0
2024-09-15 00:00:00,1750460847621194.0
2024-09-16 00:00:00,1750460847621194.0
2024-09-17 00:00:00,1750460847621194.0
2024-09-18 00:00:00,1750460847621194.0
2024-09-19 00:00:00,1750460847621194.0
2024-09-20 00:00:00,1750460847621194.0
2024-09-21 00:00:00,1750460847621194.0
2024-09-22 00:00:00,1750460847621194.0
2024-09-23 00:00:00,1750460847621194.0
2024-09-24 00:00:00,1750460847621194.0
2024-09-25 00:00:00,1750460847621194.0
2024-09-26 00:00:00,1750460847621194.0
2024-09-27 00:00:00,1750460847621194.0
2024-09-28 00:00:00,1750460847621194.0
2024-09-29 00:00:00,1750460847621194.0
2024-09-30 00:00:00,1750460847621194.0
2024-10-01 00:00:00,1750460847621194.0
2024-10-02 00:00:00,1750460847621194.0
2024-10-03 00:00:00,1750460847621194.0
2024-10-04 00:00:00,1750460847621194.0
2024-10-05 00:00:00,1750460847621194.0
2024-10-06 00:00:00,1750460847621194.0
2024-10-07 00:00:00,1750460847621194.0
2024-10-08 00:00:00,1750460847621194.0
2024-10-09 00:00:00,1750460847621194.0
2024-10-10 00:00:00,1750460847621194.0
2024-10-11 00:00:00,1750460847621194.0
2024-10-12 00:00:00,1750460847621194.0
2024-10-13 00:00:00,1750460847621194.0
2024-10-14 00:00:00,1750460847621194.0
2024-10-15 00:00:00,1750460847621194.0
2024-10-16 00:00:00,1750460847621194.0
2024-10-17 00:00:00,1750460847621194.0
2024-10-18 00:00:00,1750460847621194.0
2024-10-19 00:00:00,1750460847621194.0
2024-10-20 00:00:00,1750460847621194.0
2024-10-21 00:00:00,1750460847621194.0
2024-10-22 00:00:00,1750460847621194.0
2024-10-23 00:00:00,1750460847621194.0
2024-10-24 00:00:00,1750460847621194.0
2024-10-25 00:00:00,1750460847621194.0
2024-10-26 00:00:00,1750460847621194.0
2024-10-27 00:00:00,1750460847621194.0
2024-10-28 00:00:00,1750460847621194.0
2024-10-29 00:00:00,1750460847621194.0
2024-10-30 00:00:00,1750460847621194.0
2024-10-31 00:00:00,1750460847621194.0
2024-11-01 00:00:00,1750460847621194.0
2024-11-02 00:00:00,1750460847621194.0
2024-11-03 00:00:00,1750460847621194.0
2024-11-04 00:00:00,1750460847621194.0
2024-11-05 00:00:00,1750460847621194.0
2024-11-06 00:00:00,1750460847621194.0
2024-11-07 00:00:00,1750460847621194.0
2024-11-08 00:00:00,1750460847621194.0
2024-11-09 00:00:00,1750460847621194.0
2024-11-10 00:00:00,1750460847621194.0
2024-11-11 00:00:00,1750460847621194.0
2024-11-12 00:00:00,1750460847621194.0
2024-11-13 00:00:00,1750460847621194.0
2024-11-14 00:00:00,1750460847621194.0
2024-11-15 00:00:00,1750460847621194.0
2024-11-16 00:00:00,1750460847621194.0
2024-11-17 00:00:00,1750460847621194.0
2024-11-18 00:00:00,1750460847621194.0
2024-11-19 00:00:00,1750460847621194.0
2024-11-20 00:00:00,1750460847621194.0
2024-11-21 00:00:00,1750460847621194.0
2024-11-22 00:00:00,1750460847621194.0
2024-11-23 00:00:00,1750460847621194.0
2024-11-24 00:00:00,1750460847621194.0
2024-11-25 00:00:00,1750460847621194.0
2024-11-26 00:00:00,1750547893566020.0
2024-11-27 00:00:00,1750547893566020.0
2024-11-28 00:00:00,1750547893566020.0
2024-11-29 00:00:00,1750913854760609.0
2024-11-30 00:00:00,1750913854760609.0
2024-12-01 00:00:00,1750913854760609.0
2024-12-02 00:00:00,1750913854760609.0
2024-12-03 00:00:00,1750913854760609.0
2024-12-04 00:00:00,1750913854760609.0
2024-12-05 00:00:00,1750913854760609.0
2024-12-06 00:00:00,1750913854760609.0
2024-12-07 00:00:00,1750913854760609.0
2024-12-08 00:00:00,1750913854760609.0
